Year,Month,EmployedClass - Total,EmployedClass - Wage and Salary Workers,EmployedClass - Worked for private household,EmployedClass - Worked for private establishment,EmployedClass - Worked for government or government corporation,EmployedClass - Worked with pay in own family-operated farm or business,EmployedClass - Self-employed without any paid employee,EmployedClass - Employer in own family-operated farm or business,EmployedClass - Worked without pay in own family-operated farm or business (Unpaid family worker),MeanHours - Mean Hours,LevelsKEI - Total Population 15 Years Old and Over | Both sexes,LevelsKEI - Total Population 15 Years Old and Over | Male,LevelsKEI - Total Population 15 Years Old and Over | Female,LevelsKEI - Persons in the Labor Force | Both sexes,LevelsKEI - Persons in the Labor Force | Male,LevelsKEI - Persons in the Labor Force | Female,LevelsKEI - Employed Persons | Both sexes,LevelsKEI - Employed Persons | Male,LevelsKEI - Employed Persons | Female,LevelsKEI - Unemployed Persons | Both sexes,LevelsKEI - Unemployed Persons | Male,LevelsKEI - Unemployed Persons | Female,LevelsKEI - Underemployed Persons | Both sexes,LevelsKEI - Underemployed Persons | Male,LevelsKEI - Underemployed Persons | Female,RatesKEI - Labor Force Participation Rate | Both sexes,RatesKEI - Labor Force Participation Rate | Male,RatesKEI - Labor Force Participation Rate | Female,RatesKEI - Employment Rate | Both sexes,RatesKEI - Employment Rate | Male,RatesKEI - Employment Rate | Female,RatesKEI - Unemployment Rate | Both sexes,RatesKEI - Unemployment Rate | Male,RatesKEI - Unemployment Rate | Female,RatesKEI - Underemployment Rate | Both sexes,RatesKEI - Underemployment Rate | Male,RatesKEI - Underemployment Rate | Female,Population15Plus - Both Sexes | Total,Population15Plus - Both Sexes | 15 - 24 Years Old,Population15Plus - Both Sexes | 25 - 34 Years Old,Population15Plus - Both Sexes | 35 - 44 Years Old,Population15Plus - Both Sexes | 45 - 54 Years Old,Population15Plus - Both Sexes | 55 - 64 Years Old,Population15Plus - Both Sexes | 65 Years Old and Over,Population15Plus - Male | Total,Population15Plus - Male | 15 - 24 Years Old,Population15Plus - Male | 25 - 34 Years Old,Population15Plus - Male | 35 - 44 Years Old,Population15Plus - Male | 45 - 54 Years Old,Population15Plus - Male | 55 - 64 Years Old,Population15Plus - Male | 65 Years Old and Over,Population15Plus - Female | Total,Population15Plus - Female | 15 - 24 Years Old,Population15Plus - Female | 25 - 34 Years Old,Population15Plus - Female | 35 - 44 Years Old,Population15Plus - Female | 45 - 54 Years Old,Population15Plus - Female | 55 - 64 Years Old,Population15Plus - Female | 65 Years Old and Over,LaborForce - Both Sexes | Total,LaborForce - Both Sexes | 15 - 24 Years Old,LaborForce - Both Sexes | 25 - 34 Years Old,LaborForce - Both Sexes | 35 - 44 Years Old,LaborForce - Both Sexes | 45 - 54 Years Old,LaborForce - Both Sexes | 55 - 64 Years Old,LaborForce - Both Sexes | 65 Years Old and Over,LaborForce - Male | Total,LaborForce - Male | 15 - 24 Years Old,LaborForce - Male | 25 - 34 Years Old,LaborForce - Male | 35 - 44 Years Old,LaborForce - Male | 45 - 54 Years Old,LaborForce - Male | 55 - 64 Years Old,LaborForce - Male | 65 Years Old and Over,LaborForce - Female | Total,LaborForce - Female | 15 - 24 Years Old,LaborForce - Female | 25 - 34 Years Old,LaborForce - Female | 35 - 44 Years Old,LaborForce - Female | 45 - 54 Years Old,LaborForce - Female | 55 - 64 Years Old,LaborForce - Female | 65 Years Old and Over,Employed - Both Sexes | Total,Employed - Both Sexes | 15 - 24 Years Old,Employed - Both Sexes | 25 - 34 Years Old,Employed - Both Sexes | 35 - 44 Years Old,Employed - Both Sexes | 45 - 54 Years Old,Employed - Both Sexes | 55 - 64 Years Old,Employed - Both Sexes | 65 Years Old and Over,Employed - Male | Total,Employed - Male | 15 - 24 Years Old,Employed - Male | 25 - 34 Years Old,Employed - Male | 35 - 44 Years Old,Employed - Male | 45 - 54 Years Old,Employed - Male | 55 - 64 Years Old,Employed - Male | 65 Years Old and Over,Employed - Female | Total,Employed - Female | 15 - 24 Years Old,Employed - Female | 25 - 34 Years Old,Employed - Female | 35 - 44 Years Old,Employed - Female | 45 - 54 Years Old,Employed - Female | 55 - 64 Years Old,Employed - Female | 65 Years Old and Over,Unemployed - Both Sexes | Total,Unemployed - Both Sexes | 15 - 24 Years Old,Unemployed - Both Sexes | 25 - 34 Years Old,Unemployed - Both Sexes | 35 - 44 Years Old,Unemployed - Both Sexes | 45 - 54 Years Old,Unemployed - Both Sexes | 55 - 64 Years Old,Unemployed - Both Sexes | 65 Years Old and Over,Unemployed - Male | Total,Unemployed - Male | 15 - 24 Years Old,Unemployed - Male | 25 - 34 Years Old,Unemployed - Male | 35 - 44 Years Old,Unemployed - Male | 45 - 54 Years Old,Unemployed - Male | 55 - 64 Years Old,Unemployed - Male | 65 Years Old and Over,Unemployed - Female | Total,Unemployed - Female | 15 - 24 Years Old,Unemployed - Female | 25 - 34 Years Old,Unemployed - Female | 35 - 44 Years Old,Unemployed - Female | 45 - 54 Years Old,Unemployed - Female | 55 - 64 Years Old,Unemployed - Female | 65 Years Old and Over,NotInLaborForce - Both Sexes | Total,NotInLaborForce - Both Sexes | 15 - 24 Years Old,NotInLaborForce - Both Sexes | 25 - 34 Years Old,NotInLaborForce - Both Sexes | 35 - 44 Years Old,NotInLaborForce - Both Sexes | 45 - 54 Years Old,NotInLaborForce - Both Sexes | 55 - 64 Years Old,NotInLaborForce - Both Sexes | 65 Years Old and Over,NotInLaborForce - Male | Total,NotInLaborForce - Male | 15 - 24 Years Old,NotInLaborForce - Male | 25 - 34 Years Old,NotInLaborForce - Male | 35 - 44 Years Old,NotInLaborForce - Male | 45 - 54 Years Old,NotInLaborForce - Male | 55 - 64 Years Old,NotInLaborForce - Male | 65 Years Old and Over,NotInLaborForce - Female | Total,NotInLaborForce - Female | 15 - 24 Years Old,NotInLaborForce - Female | 25 - 34 Years Old,NotInLaborForce - Female | 35 - 44 Years Old,NotInLaborForce - Female | 45 - 54 Years Old,NotInLaborForce - Female | 55 - 64 Years Old,NotInLaborForce - Female | 65 Years Old and Over,Underemployed - Both Sexes | Total,Underemployed - Both Sexes | 15 - 24 Years Old,Underemployed - Both Sexes | 25 - 34 Years Old,Underemployed - Both Sexes | 35 - 44 Years Old,Underemployed - Both Sexes | 45 - 54 Years Old,Underemployed - Both Sexes | 55 - 64 Years Old,Underemployed - Both Sexes | 65 Years Old and Over,Underemployed - Male | Total,Underemployed - Male | 15 - 24 Years Old,Underemployed - Male | 25 - 34 Years Old,Underemployed - Male | 35 - 44 Years Old,Underemployed - Male | 45 - 54 Years Old,Underemployed - Male | 55 - 64 Years Old,Underemployed - Male | 65 Years Old and Over,Underemployed - Female | Total,Underemployed - Female | 15 - 24 Years Old,Underemployed - Female | 25 - 34 Years Old,Underemployed - Female | 35 - 44 Years Old,Underemployed - Female | 45 - 54 Years Old,Underemployed - Female | 55 - 64 Years Old,Underemployed - Female | 65 Years Old and Over,VisiblyUnderemployed - Both Sexes | Total,VisiblyUnderemployed - Both Sexes | 15 - 24 Years Old,VisiblyUnderemployed - Both Sexes | 25 - 34 Years Old,VisiblyUnderemployed - Both Sexes | 35 - 44 Years Old,VisiblyUnderemployed - Both Sexes | 45 - 54 Years Old,VisiblyUnderemployed - Both Sexes | 55 - 64 Years Old,VisiblyUnderemployed - Both Sexes | 65 Years Old and Over,VisiblyUnderemployed - Male | Total,VisiblyUnderemployed - Male | 15 - 24 Years Old,VisiblyUnderemployed - Male | 25 - 34 Years Old,VisiblyUnderemployed - Male | 35 - 44 Years Old,VisiblyUnderemployed - Male | 45 - 54 Years Old,VisiblyUnderemployed - Male | 55 - 64 Years Old,VisiblyUnderemployed - Male | 65 Years Old and Over,VisiblyUnderemployed - Female | Total,VisiblyUnderemployed - Female | 15 - 24 Years Old,VisiblyUnderemployed - Female | 25 - 34 Years Old,VisiblyUnderemployed - Female | 35 - 44 Years Old,VisiblyUnderemployed - Female | 45 - 54 Years Old,VisiblyUnderemployed - Female | 55 - 64 Years Old,VisiblyUnderemployed - Female | 65 Years Old and Over
2005,4,32221.085,16296.384,1490.664,12130.086,2502.919,172.715,10739.889,1561.052,3623.761,42.094,54194.858,27027.999,27166.859,35129.827,21491.801,13638.027,32221.085,19700.303,12520.782,2908.742,1791.497,1117.245,8421.102,5686.018,2735.084,64.821,79.517,50.201,91.72,91.664,91.808,8.28,8.336,8.192,26.135,28.863,21.844,54194.858,16301.083,12815.099,9872.275,7016.086,4509.997,3680.317,27027.999,8315.41,6429.266,4902.045,3478.295,2213.441,1689.542,27166.859,7985.673,6385.833,4970.23,3537.792,2296.556,1990.775,35129.827,8008.106,9476.014,7756.614,5472.88,3020.991,1395.224,21491.801,4965.259,6034.454,4674.216,3216.237,1769.576,832.058,13638.027,3042.846,3441.559,3082.397,2256.643,1251.415,563.166,32221.085,6584.401,8651.935,7410.489,5275.613,2919.609,1379.039,19700.303,4143.135,5513.866,4449.354,3077.64,1696.746,819.563,12520.782,2441.266,3138.069,2961.135,2197.973,1222.863,559.476,2908.742,1423.705,824.078,346.125,197.267,101.382,16.185,1791.497,822.125,520.588,224.862,138.598,72.83,12.495,1117.245,601.58,303.49,121.263,58.669,28.552,3.69,19065.03,8292.977,3339.085,2115.662,1543.206,1489.006,2285.094,5536.198,3350.15,394.812,227.829,262.057,443.865,857.485,13528.832,4942.827,2944.273,1887.833,1281.149,1045.141,1427.609,8421.102,1613.888,2322.145,2137.24,1457.528,647.891,242.409,5686.018,1185.245,1646.625,1377.454,920.09,406.76,149.844,2735.084,428.643,675.52,759.785,537.438,241.132,92.565,4567.883,909.658,1131.86,1142.609,807.085,405.442,171.23,2999.991,713.735,778.642,689.306,475.44,241.303,101.564,1567.892,195.922,353.217,453.304,331.644,164.138,69.666
2005,7,32521.695,16303.519,1488.939,12197.536,2495.351,121.693,10601.054,1532.709,4084.414,41.33,54583.1,27196.485,27386.616,35236.487,21623.869,13612.618,32521.695,19976.578,12545.117,2714.792,1647.291,1067.5,6660.303,4666.893,1993.41,64.556,79.51,49.705,92.296,92.382,92.158,7.704,7.618,7.842,20.48,23.362,15.89,54583.1,16377.742,12911.99,9930.107,7092.721,4554.391,3716.149,27196.485,8349.044,6465.916,4930.795,3515.502,2235.207,1700.02,27386.616,8028.698,6446.075,4999.311,3577.218,2319.184,2016.129,35236.487,7760.467,9526.893,7786.241,5557.442,3105.221,1500.222,21623.869,4780.957,6087.648,4742.72,3296.465,1815.798,900.281,13612.618,2979.51,3439.244,3043.521,2260.977,1289.423,599.941,32521.695,6406.863,8749.309,7505.703,5356.177,3016.015,1487.629,19976.578,4020.612,5607.22,4553.953,3150.421,1751.487,892.886,12545.117,2386.25,3142.089,2951.75,2205.756,1264.528,594.743,2714.792,1353.604,777.584,280.538,201.266,89.206,12.593,1647.291,760.345,480.429,188.767,146.045,64.311,7.395,1067.5,593.26,297.155,91.771,55.221,24.895,5.198,19346.614,8617.275,3385.097,2143.866,1535.278,1449.17,2215.927,5572.615,3568.087,378.267,188.075,219.037,419.41,799.739,13773.998,5049.188,3006.83,1955.79,1316.241,1029.76,1416.188,6660.303,1197.797,1904.955,1752.895,1112.238,511.158,181.26,4666.893,917.13,1382.492,1179.958,728.886,339.9,118.527,1993.41,280.667,522.463,572.938,383.353,171.258,62.732,4227.788,776.413,1099.179,1097.35,742.175,371.217,141.453,2865.63,616.254,773.014,684.806,463.21,237.959,90.387,1362.157,160.159,326.165,412.544,278.965,133.258,51.066
2005,10,32875.281,16552.683,1557.737,12421.964,2464.901,108.081,10666.726,1491.365,4164.507,41.626,54798.701,27342.401,27456.3,35494.05,21821.495,13672.555,32875.281,20204.805,12670.476,2618.769,1616.69,1002.079,6962.394,4839.357,2123.037,64.772,79.808,49.798,92.622,92.591,92.671,7.378,7.409,7.329,21.178,23.952,16.756,54798.701,16430.256,12907.282,9967.219,7145.4,4596.345,3752.199,27342.401,8383.06,6484.885,4950.341,3547.622,2255.258,1721.236,27456.3,8047.196,6422.397,5016.878,3597.779,2341.088,2030.963,35494.05,7787.193,9565.047,7869.703,5647.777,3138.423,1485.907,21821.495,4825.63,6134.708,4782.623,3346.106,1843.109,889.319,13672.555,2961.563,3430.34,3087.079,2301.671,1295.314,596.588,32875.281,6507.224,8801.927,7576.848,5458.3,3061.584,1469.398,20204.805,4106.488,5646.834,4584.782,3206.124,1783.754,876.824,12670.476,2400.737,3155.092,2992.066,2252.176,1277.831,592.575,2618.769,1279.968,763.121,292.855,189.478,76.839,16.508,1616.69,719.142,487.873,197.842,139.983,59.355,12.495,1002.079,560.826,275.247,95.013,49.495,17.484,4.013,19304.652,8643.063,3342.234,2097.517,1497.623,1457.922,2266.292,5520.907,3557.43,350.177,167.717,201.515,412.149,831.918,13783.745,5085.633,2992.057,1929.799,1296.108,1045.773,1434.375,6962.394,1295.837,1941.443,1807.072,1196.676,539.538,181.828,4839.357,983.986,1394.897,1217.042,780.939,350.821,111.671,2123.037,311.851,546.546,590.03,415.737,188.716,70.156,4247.085,800.806,1067.447,1092.11,772.223,372.322,142.176,2831.723,640.481,714.599,687.253,475.668,232.549,81.173,1415.362,160.325,352.848,404.857,296.556,139.773,61.003
2006,1,32031.302,16086.126,1565.524,11982.58,2437.614,100.409,10465.492,1434.097,4045.587,41.087,54828.735,27300.578,27528.157,34868.478,21671.995,13196.483,32031.302,19854.276,12177.026,2837.176,1817.719,1019.457,6773.668,4751.087,2022.581,63.595,79.383,47.938,91.863,91.613,92.275,8.137,8.387,7.725,21.147,23.93,16.61,54828.735,16866.607,12763.158,10118.408,7228.548,4304.367,3547.648,27300.578,8528.588,6377.881,5092.014,3615.282,2109.143,1577.67,27528.157,8338.019,6385.277,5026.393,3613.266,2195.224,1969.978,34868.478,7661.724,9394.244,7918.715,5626.065,2938.054,1329.675,21671.995,4806.624,6051.721,4901.912,3388.727,1734.833,788.179,13196.483,2855.101,3342.523,3016.803,2237.338,1203.222,541.496,32031.302,6263.782,8562.847,7606.662,5433.341,2850.924,1313.746,19854.276,3978.898,5504.811,4679.16,3244.226,1669.221,777.96,12177.026,2284.885,3058.036,2927.502,2189.116,1181.703,535.786,2837.176,1397.942,831.397,312.053,192.724,87.13,15.929,1817.719,827.726,546.909,222.752,144.502,65.611,10.219,1019.457,570.216,284.488,89.301,48.222,21.519,5.711,19960.257,9204.883,3368.914,2199.692,1602.483,1366.313,2217.973,5628.583,3721.964,326.16,190.102,226.555,374.31,789.491,14331.674,5482.919,3042.754,2009.59,1375.927,992.002,1428.482,6773.668,1231.122,1882.72,1782.74,1166.503,534.436,176.146,4751.087,947.342,1351.633,1211.305,769.319,352.495,118.993,2022.581,283.78,531.087,571.435,397.184,181.941,57.153,4260.02,808.655,1061.587,1113.87,754.724,383.639,137.545,2932.962,653.502,751.874,716.566,477.336,242.251,91.432,1327.059,155.152,309.713,397.304,277.388,141.388,46.113
2006,4,32698.97,16543.649,1518.008,12342.066,2534.725,148.85,10934.363,1318.55,3902.409,40.215,54975.534,27394.316,27581.218,35633.475,21800.922,13832.553,32698.97,19912.719,12786.251,2934.505,1888.203,1046.302,8308.589,5637.949,2670.64,64.817,79.582,50.152,91.765,91.339,92.436,8.235,8.661,7.564,25.409,28.313,20.887,54975.534,16895.516,12774.31,10121.911,7273.924,4342.583,3567.291,27394.316,8557.326,6397.777,5091.305,3637.63,2125.624,1584.654,27581.218,8338.19,6376.532,5030.606,3636.294,2216.959,1982.637,35633.475,8319.656,9433.044,7955.573,5688.434,2903.236,1333.532,21800.922,5151.25,5973.099,4857.458,3359.654,1686.05,773.411,13832.553,3168.406,3459.945,3098.115,2328.78,1217.186,560.122,32698.97,6869.444,8605.369,7623.128,5476.226,2806.842,1317.961,19912.719,4295.48,5419.76,4623.469,3197.392,1613.236,763.381,12786.251,2573.964,3185.609,2999.659,2278.834,1193.606,554.58,2934.505,1450.211,827.675,332.445,212.208,96.394,15.571,1888.203,855.77,553.338,233.989,162.262,72.814,10.029,1046.302,594.442,274.337,98.456,49.946,23.58,5.542,19342.059,8575.861,3341.266,2166.338,1585.49,1439.346,2233.759,5593.394,3406.076,424.679,233.847,277.976,439.574,811.243,13748.665,5169.785,2916.587,1932.492,1307.514,999.773,1422.515,8308.589,1607.244,2273.414,2167.125,1449.982,606.112,204.712,5637.949,1158.247,1583.731,1433.957,940.775,395.153,126.085,2670.64,448.997,689.683,733.168,509.207,210.959,78.627,5056.41,1017.335,1287.19,1281.628,897.826,415.079,157.352,3335.825,759.651,869.712,800.152,546.26,266.316,93.734,1720.585,257.684,417.478,481.476,351.566,148.763,63.618
2006,7,32925.757,17406.98,1776.419,12960.621,2527.822,142.119,10249.776,1473.568,3795.433,41.899,55474.536,27639.218,27835.319,35843.821,21795.36,14048.461,32925.757,19995.743,12930.014,2918.064,1799.617,1118.447,7717.921,5285.558,2432.363,64.613,78.857,50.47,91.859,91.743,92.039,8.141,8.257,7.961,23.44,26.433,18.812,55474.536,17021.38,12895.902,10198.291,7358.465,4399.467,3601.031,27639.218,8620.095,6455.638,5119.207,3686.104,2157.078,1601.095,27835.319,8401.284,6440.264,5079.084,3672.362,2242.388,1999.936,35843.821,7947.576,9571.711,8075.624,5870.406,2966.142,1412.362,21795.36,4883.802,6046.734,4898.271,3441.694,1717.276,807.583,14048.461,3063.773,3524.978,3177.353,2428.712,1248.867,604.779,32925.757,6461.157,8761.647,7763.843,5655.201,2887.831,1396.077,19995.743,4034.779,5533.668,4694.942,3274.66,1659.58,798.114,12930.014,2426.378,3227.979,3068.901,2380.542,1228.25,597.963,2918.064,1486.418,810.064,311.781,215.204,78.312,16.285,1799.617,849.023,513.066,203.329,167.034,57.695,9.469,1118.447,637.395,296.998,108.451,48.17,20.616,6.816,19630.715,9073.804,3324.19,2122.667,1488.06,1433.324,2188.67,5843.858,3736.293,408.904,220.936,244.41,439.803,793.512,13786.857,5337.511,2915.286,1901.731,1243.65,993.522,1395.157,7717.921,1404.61,2105.885,2026.771,1393.48,589.509,197.666,5285.558,1031.447,1510.051,1355.895,887.106,372.232,128.828,2432.363,373.163,595.835,670.876,506.374,217.277,68.838,4519.41,840.811,1141.188,1154.837,853.475,387.809,141.29,2976.498,649.089,784.077,720.855,501.277,233.683,87.517,1542.912,191.722,357.112,433.982,352.198,154.126,53.773
2006,10,32885.759,16655.804,1644.929,12404.386,2498.07,108.419,10450.971,1472.526,4306.458,41.173,55638.429,27749.404,27889.025,35510.772,21974.642,13536.13,32885.759,20289.438,12596.321,2625.013,1685.204,939.809,6680.88,4687.126,1993.753,63.824,79.19,48.536,92.608,92.331,93.057,7.392,7.669,6.943,20.315,23.101,15.828,55638.429,17082.685,12868.064,10205.692,7405.714,4447.193,3629.082,27749.404,8655.539,6455.105,5130.611,3711.624,2182.507,1614.018,27889.025,8427.146,6412.959,5075.08,3694.09,2264.686,2015.063,35510.772,7858.612,9463.643,7999.18,5813.061,2983.356,1392.92,21974.642,4850.404,6110.687,4955.797,3481.143,1760.342,816.27,13536.13,3008.208,3352.956,3043.384,2331.918,1223.015,576.65,32885.759,6533.603,8707.749,7720.975,5637.402,2908.586,1377.443,20289.438,4077.38,5602.935,4755.053,3345.13,1700.678,808.263,12596.321,2456.224,3104.815,2965.922,2292.273,1207.908,569.18,2625.013,1325.008,755.894,278.205,175.659,74.77,15.477,1685.204,773.024,507.752,200.743,136.013,59.664,8.007,939.809,551.984,248.142,77.461,39.645,15.107,7.47,20127.657,9224.073,3404.42,2206.511,1592.653,1463.837,2236.162,5774.763,3805.135,344.418,174.815,230.481,422.166,797.748,14352.895,5418.938,3060.003,2031.697,1362.172,1041.671,1438.414,6680.88,1247.117,1822.642,1757.535,1198.151,498.053,157.381,4687.126,954.323,1336.978,1174.765,788.051,334.626,98.384,1993.753,292.794,485.665,582.77,410.1,163.428,58.998,4291.075,828.235,1068.437,1118.697,786.332,360.073,129.302,2905.147,655.904,759.976,693.925,479.625,235.468,80.25,1385.928,172.331,308.461,424.772,306.708,124.605,49.052
2007,1,33545.365,17911.44,1914.704,13224.768,2605.086,166.882,10194.057,1569.824,3870.045,41.753,56144.635,27967.611,28177.024,36394.929,22108.39,14286.539,33545.365,20314.219,13231.146,2849.564,1794.171,1055.393,7213.782,4991.487,2222.295,64.824,79.05,50.703,92.17,91.885,92.613,7.83,8.115,7.387,21.505,24.571,16.796,56144.635,17164.411,13058.914,10282.626,7484.203,4499.345,3655.137,27967.611,8697.494,6534.052,5157.8,3746.687,2206.882,1624.696,28177.024,8466.916,6524.862,5124.826,3737.515,2292.463,2030.442,36394.929,8020.645,9698.959,8192.134,5965.102,3073.821,1444.268,22108.39,4956.268,6117.127,4935.888,3485.045,1788.469,825.593,14286.539,3064.377,3581.832,3256.246,2480.057,1285.353,618.675,33545.365,6629.894,8892.971,7872.716,5758.187,2970.998,1420.599,20314.219,4147.802,5601.616,4710.275,3327.852,1715.985,810.689,13231.146,2482.092,3291.355,3162.44,2430.335,1255.013,609.91,2849.564,1390.751,805.988,319.418,206.914,102.823,23.669,1794.171,808.466,515.511,225.613,157.193,72.484,14.905,1055.393,582.285,290.477,93.806,49.721,30.339,8.764,19749.706,9143.765,3359.955,2090.492,1519.101,1425.523,2210.869,5859.222,3741.226,416.926,221.912,261.643,418.413,799.102,13890.484,5402.54,2943.03,1868.58,1257.458,1007.11,1411.767,7213.782,1289.281,1924.564,1950.831,1291.115,566.863,191.128,4991.487,994.925,1372.484,1300.847,833.537,367.631,122.063,2222.295,294.355,552.08,649.984,457.579,199.232,69.065,4319.754,824.914,1033.538,1112.258,821.735,384.042,143.266,2888.115,662.558,703.881,688.132,498.126,245.809,89.608,1431.639,162.356,329.657,424.126,323.609,138.233,53.659
2007,4,33703.914,17232.094,1664.769,12867.486,2571.089,128.75,10767.148,1294.539,4410.134,39.613,56411.277,28109.859,28301.418,36395.743,22483.467,13912.276,33703.914,20753.697,12950.218,2691.829,1729.771,962.058,6378.019,4481.317,1896.702,64.519,79.984,49.158,92.604,92.306,93.085,7.396,7.694,6.915,18.924,21.593,14.646,56411.277,17243.281,13086.5,10334.164,7519.04,4546.858,3681.435,28109.859,8744.071,6557.168,5187.789,3756.576,2228.006,1636.25,28301.418,8499.211,6529.332,5146.375,3762.463,2318.853,2045.185,36395.743,8322.766,9641.533,8059.941,5888.126,3073.154,1410.225,22483.467,5201.873,6147.605,4984.755,3515.194,1806.038,828.002,13912.276,3120.893,3493.928,3075.186,2372.931,1267.115,582.223,33703.914,6960.646,8857.575,7775.727,5716.222,3003.749,1389.995,20753.697,4404.638,5622.524,4777.937,3380.795,1752.714,815.087,12950.218,2556.008,3235.051,2997.79,2335.427,1251.035,574.908,2691.829,1362.12,783.958,284.214,171.904,69.404,20.23,1729.771,797.235,525.081,206.817,134.399,53.324,12.915,962.058,564.885,258.877,77.397,37.505,16.08,7.315,20015.534,8920.516,3444.967,2274.223,1630.914,1473.705,2271.21,5626.392,3542.198,409.563,203.034,241.382,421.967,808.247,14389.142,5378.318,3035.404,2071.189,1389.532,1051.737,1462.963,6378.019,1267.718,1660.277,1630.566,1110.74,526.292,182.425,4481.317,972.595,1204.105,1104.847,739.277,343.924,116.57,1896.702,295.123,456.172,525.719,371.464,182.368,65.855,4388.642,892.204,1080.067,1086.839,781.425,399.607,148.5,3040.081,713.367,767.871,707.598,503.66,254.326,93.259,1348.561,178.837,312.196,379.241,277.765,145.281,55.241
2007,7,33318.046,17691.607,1805.98,13018.634,2679.161,187.832,10446.555,1435.372,3744.513,42.613,56856.751,28325.887,28530.864,36142.159,22099.327,14042.832,33318.046,20346.924,12971.123,2824.112,1752.403,1071.709,7327.007,5040.253,2286.754,63.567,78.018,49.22,92.186,92.07,92.368,7.814,7.93,7.632,21.991,24.772,17.63,56856.751,17325.719,13210.266,10413.085,7607.525,4589.827,3710.327,28325.887,8783.903,6594.599,5233.066,3812.006,2252.36,1649.953,28530.864,8541.816,6615.667,5180.02,3795.52,2337.467,2060.374,36142.159,7824.812,9691.571,8170.662,5925.792,3098.597,1430.726,22099.327,4819.808,6139.887,4999.036,3504.329,1804.984,831.284,14042.832,3005.004,3551.684,3171.626,2421.463,1293.612,599.442,33318.046,6382.154,8880.795,7878.178,5757.298,3006.492,1413.129,20346.924,3980.342,5634.009,4795.557,3383.68,1734.104,819.232,12971.123,2401.812,3246.786,3082.621,2373.618,1272.388,593.897,2824.112,1442.657,810.776,292.484,168.493,92.104,17.597,1752.403,839.465,505.878,203.479,120.649,70.88,12.052,1071.709,603.192,304.898,89.005,47.845,21.224,5.545,20714.592,9500.908,3518.695,2242.423,1681.734,1491.231,2279.601,6226.56,3964.095,454.712,234.03,307.677,447.376,818.67,14488.032,5536.812,3063.983,2008.394,1374.057,1043.855,1460.931,7327.007,1280.983,1966.68,1954.95,1314.796,603.309,206.289,5040.253,923.899,1403.841,1331.468,857.55,387.317,136.179,2286.754,357.084,562.839,623.483,457.246,215.992,70.11,3803.382,674.815,923.213,968.437,718.399,374.92,143.597,2515.032,511.345,627.274,607.85,435.496,238.701,94.366,1288.35,163.47,295.939,360.587,282.903,136.22,49.232
2007,10,33672.063,17198.099,1744.937,12688.944,2636.284,127.934,10872.873,1418.791,4182.3,41.692,56845.281,28329.799,28515.482,35917.605,22178.497,13739.108,33672.063,20754.362,12917.702,2245.542,1424.136,821.406,6109.223,4282.291,1826.932,63.185,78.287,48.181,93.748,93.579,94.021,6.252,6.421,5.979,18.143,20.633,14.143,56845.281,17365.825,13073.81,10384.286,7634.383,4648.309,3738.667,28329.799,8807.288,6548.726,5216.382,3814.06,2280.993,1662.35,28515.482,8558.538,6525.084,5167.903,3820.323,2367.316,2076.317,35917.605,7679.862,9597.302,8090.493,5988.628,3136.581,1424.738,22178.497,4766.149,6147.64,5012.192,3572.9,1846.937,832.679,13739.108,2913.713,3449.662,3078.301,2415.728,1289.644,592.059,33672.063,6535.1,8946.235,7871.06,5847.662,3061.671,1410.336,20754.362,4102.953,5720.87,4856.259,3464.401,1787.192,822.687,12917.702,2432.146,3225.365,3014.801,2383.261,1274.48,587.649,2245.542,1144.762,651.068,219.433,140.966,74.91,14.403,1424.136,663.195,426.771,155.933,108.499,59.746,9.992,821.406,481.567,224.297,63.5,32.467,15.164,4.41,20927.676,9685.964,3476.508,2293.792,1645.755,1511.728,2313.929,6151.302,4041.139,401.086,204.19,241.161,434.055,829.671,14776.374,5644.825,3075.422,2089.602,1404.595,1077.672,1484.258,6109.223,1138.637,1633.67,1585.571,1105.172,488.958,157.216,4282.291,855.855,1180.93,1097.12,726.37,322.356,99.66,1826.932,282.782,452.74,488.451,378.802,166.602,57.556,3659.728,705.038,903.355,917.381,675.901,337.651,120.402,2480.049,546.013,629.195,596.875,421.74,211.617,74.608,1179.679,159.025,274.159,320.507,254.161,126.034,45.794
2008,1,33692.558,17420.805,1774.33,12880.204,2655.697,110.574,10879.971,1281.382,4110.4,41.614,57389.725,28534.024,28855.702,36368.044,22394.996,13973.047,33692.558,20654.209,13038.349,2675.486,1740.787,934.699,6367.85,4443.536,1924.314,63.37,78.485,48.424,92.643,92.227,93.311,7.357,7.773,6.689,18.9,21.514,14.759,57389.725,17492.864,13247.226,10473.172,7709.496,4696.722,3770.244,28534.024,8872.165,6597.654,5240.181,3847.264,2300.614,1676.147,28855.702,8620.7,6649.573,5232.991,3862.232,2396.109,2094.098,36368.044,7846.79,9711.945,8216.851,6025.969,3165.449,1401.041,22394.996,4879.56,6205.598,5052.198,3585.964,1847.774,823.901,13973.047,2967.23,3506.347,3164.652,2440.004,1317.674,577.139,33692.558,6518.828,8916.391,7942.423,5850.472,3080.614,1383.83,20654.209,4069.877,5681.017,4857.09,3450.373,1784.577,811.276,13038.349,2448.951,3235.374,3085.333,2400.099,1296.037,572.554,2675.486,1327.962,795.554,274.427,175.497,84.835,17.211,1740.787,809.683,524.582,195.108,135.591,63.198,12.625,934.699,518.279,270.973,79.319,39.905,21.637,4.586,21021.681,9646.074,3535.281,2256.321,1683.527,1531.274,2369.204,6139.027,3992.604,392.055,187.982,261.3,452.84,852.246,14882.654,5653.47,3143.226,2068.339,1422.228,1078.434,1516.958,6367.85,1146.233,1712.622,1657.416,1163.91,527.757,159.911,4443.536,870.767,1254.02,1117.447,755.422,341.223,104.656,1924.314,275.466,458.602,539.97,408.488,186.533,55.255,4023.585,752.002,972.358,1024.899,780.122,366.141,128.063,2732.25,601.879,695.299,648.566,476.377,228.209,81.92,1291.335,150.123,277.06,376.333,303.745,137.932,46.143
2008,4,33535.202,17724.273,1572.094,13358.592,2666.946,126.641,10064.273,1543.804,4202.852,41.572,57699.555,28710.662,28988.893,36449.517,22593.67,13855.847,33535.202,20773.686,12761.516,2914.316,1819.984,1094.332,6624.737,4640.067,1984.67,63.171,78.694,47.797,92.005,91.945,92.102,7.995,8.055,7.898,19.755,22.336,15.552,57699.555,17553.064,13318.6,10513.968,7772.303,4745.527,3796.093,28710.662,8905.546,6644.348,5273.485,3877.518,2322.077,1687.688,28988.893,8647.518,6674.253,5240.483,3894.785,2423.45,2108.404,36449.517,8032.046,9778.924,8172.647,5993.345,3104.885,1367.671,22593.67,5054.218,6253.327,5043.763,3599.028,1835.025,808.309,13855.847,2977.828,3525.596,3128.884,2394.317,1269.86,559.362,33535.202,6541.128,8897.577,7895.795,5827.113,3027.278,1346.31,20773.686,4192.579,5688.447,4846.938,3475.292,1776.592,793.838,12761.516,2348.549,3209.13,3048.857,2351.821,1250.686,552.472,2914.316,1490.917,881.347,276.852,166.232,77.606,21.362,1819.984,861.639,564.88,196.825,123.736,58.432,14.472,1094.332,629.279,316.466,80.027,42.496,19.174,6.89,21250.037,9521.018,3539.677,2341.32,1778.959,1640.642,2428.421,6116.992,3851.328,391.02,229.722,278.491,487.052,879.379,15133.045,5669.69,3148.656,2111.599,1500.468,1153.59,1549.042,6624.737,1149.506,1777.567,1787.895,1205.809,533.886,170.074,4640.067,892.852,1292.392,1197.747,801.733,345.946,109.396,1984.67,256.654,485.175,590.147,404.076,187.94,60.678,4025.431,715.139,985.801,1065.635,764.81,364.388,129.658,2744.264,579.899,697.339,666.555,487.044,232.616,80.812,1281.167,135.24,288.463,399.08,277.766,131.772,48.846
2008,7,34593.311,18303.066,1862.874,13538.611,2803.484,98.097,10828.002,1460.552,4001.693,42.516,58119.298,28900.968,29218.33,37342.801,22831.48,14511.321,34593.311,21132.488,13460.823,2749.49,1698.992,1050.498,7293.135,5057.444,2235.691,64.252,78.999,49.665,92.637,92.559,92.761,7.363,7.441,7.239,21.083,23.932,16.609,58119.298,17632.658,13417.241,10572.497,7863.283,4811.512,3822.108,28900.968,8954.532,6669.383,5287.615,3927.217,2363.951,1698.27,29218.33,8678.126,6747.858,5284.882,3936.066,2447.561,2123.837,37342.801,8041.011,9903.771,8368.585,6228.177,3291.039,1510.217,22831.48,4998.226,6282.677,5091.297,3671.365,1916.789,871.126,14511.321,3042.785,3621.094,3277.288,2556.813,1374.25,639.091,34593.311,6616.746,9119.309,8113.684,6051.785,3201.727,1490.06,21132.488,4214.05,5772.375,4905.796,3533.63,1848.207,858.431,13460.823,2402.696,3346.935,3207.888,2518.155,1353.52,631.629,2749.49,1424.265,784.462,254.901,176.393,89.311,20.157,1698.992,784.176,510.303,185.501,137.735,68.582,12.695,1050.498,640.089,274.16,69.4,38.658,20.73,7.463,20776.497,9591.646,3513.469,2203.912,1635.106,1520.473,2311.891,6069.488,3956.305,386.706,196.318,255.852,447.162,827.144,14707.009,5635.341,3126.763,2007.594,1379.253,1073.311,1484.746,7293.135,1350.87,1986.215,1857.8,1323.194,590.831,184.226,5057.444,1035.286,1435.984,1245.316,834.294,388.491,118.072,2235.691,315.583,550.231,612.484,488.9,202.339,66.153,4182.875,811.049,1020.889,1018.244,800.454,388.749,143.489,2801.935,655.945,703.936,634.97,470.695,245.12,91.268,1380.94,155.104,316.952,383.275,329.759,143.628,52.221
2008,10,34533.022,17937.189,1732.878,13354.282,2763.843,86.186,10845.109,1419.916,4330.807,41.621,58181.555,28989.846,29191.71,37058.317,22871.809,14186.508,34533.022,21276.13,13256.892,2525.296,1595.679,929.616,6028.624,4334.443,1694.181,63.694,78.896,48.598,93.186,93.023,93.447,6.814,6.977,6.553,17.458,20.372,12.78,58181.555,17699.311,13323.261,10546.714,7894.317,4864.392,3853.561,28989.846,8999.048,6643.159,5300.261,3947.403,2385.588,1714.387,29191.71,8700.263,6680.103,5246.453,3946.914,2478.804,2139.174,37058.317,7953.346,9805.137,8273.876,6262.407,3300.045,1463.507,22871.809,4999.929,6257.694,5088.161,3728.015,1941.087,856.923,14186.508,2953.417,3547.443,3185.715,2534.392,1358.958,606.584,34533.022,6641.013,9115.849,8025.13,6092.966,3210.755,1447.308,21276.13,4221.733,5822.954,4915.805,3597.028,1871.89,846.72,13256.892,2419.28,3292.895,3109.325,2495.938,1338.866,600.588,2525.296,1312.333,689.287,248.746,169.441,89.29,16.199,1595.679,778.196,434.739,172.356,130.987,69.197,10.203,929.616,534.137,254.548,76.39,38.454,20.092,5.996,21123.238,9745.965,3518.125,2272.838,1631.909,1564.347,2390.054,6118.036,3999.119,385.465,212.1,219.387,444.501,857.464,15005.202,5746.847,3132.659,2060.738,1412.522,1119.846,1532.59,6028.624,1040.644,1615.095,1568.395,1132.402,511.918,160.17,4334.443,820.676,1204.86,1116.577,751.579,340.09,100.66,1694.181,219.968,410.235,451.818,380.823,171.827,59.51,3841.284,678.609,930.992,974.363,764.311,368.46,124.55,2698.116,559.846,675.795,664.181,482.085,238.89,77.32,1143.168,118.764,255.197,310.182,282.226,129.569,47.23
2009,1,34261.611,17910.688,1784.955,13264.255,2777.495,83.983,10724.837,1412.173,4213.913,41.268,58656.801,29151.0,29505.801,37116.083,22818.234,14297.849,34261.611,20989.377,13272.235,2854.472,1828.857,1025.615,6237.966,4404.664,1833.302,63.277,78.276,48.458,92.309,91.985,92.827,7.691,8.015,7.173,18.207,20.985,13.813,58656.801,17794.918,13504.189,10603.915,7946.07,4925.849,3881.86,29151.0,9032.347,6724.257,5297.281,3959.773,2410.939,1726.403,29505.801,8762.571,6779.932,5306.634,3986.297,2514.91,2155.457,37116.083,7902.516,9921.152,8311.839,6249.228,3329.925,1401.423,22818.234,4916.594,6333.641,5088.807,3702.796,1958.228,818.169,14297.849,2985.922,3587.511,3223.032,2546.432,1371.698,583.254,34261.611,6497.9,9055.333,8037.051,6058.959,3230.365,1382.003,20989.377,4105.24,5762.369,4881.543,3557.966,1876.531,805.727,13272.235,2392.66,3292.964,3155.508,2500.993,1353.834,576.276,2854.472,1404.616,865.819,274.788,190.269,99.56,19.42,1828.857,811.354,571.272,207.263,144.83,81.696,12.442,1025.615,593.262,294.547,67.524,45.44,17.864,6.978,21540.718,9892.403,3583.037,2292.077,1696.841,1595.924,2480.437,6332.767,4115.753,390.616,208.474,256.977,452.711,908.235,15207.952,5776.649,3192.421,2083.602,1439.864,1143.213,1572.202,6237.966,1103.631,1636.725,1607.828,1189.341,542.593,157.847,4404.664,856.154,1193.198,1094.402,798.467,355.531,106.913,1833.302,247.477,443.527,513.426,390.875,187.062,50.934,3984.742,715.992,948.635,1025.026,792.068,380.265,122.756,2764.694,582.421,681.712,664.57,507.284,247.992,80.715,1220.048,133.571,266.923,360.456,284.784,132.273,42.041
2009,4,34996.535,18170.02,1718.105,13466.219,2867.739,117.957,10868.748,1359.072,4598.696,39.755,59073.515,29345.747,29727.769,37823.86,23180.783,14643.077,34996.535,21441.337,13555.198,2827.324,1739.445,1087.879,6620.589,4536.263,2084.326,64.028,78.992,49.257,92.525,92.496,92.571,7.475,7.504,7.429,18.918,21.157,15.377,59073.515,17879.584,13633.207,10669.804,8013.232,4966.194,3911.495,29345.747,9084.862,6779.362,5327.217,3983.581,2431.537,1739.187,29727.769,8794.722,6853.844,5342.587,4029.651,2534.656,2172.308,37823.86,8256.855,10084.77,8351.11,6292.996,3367.899,1470.23,23180.783,5116.565,6366.563,5111.829,3747.82,1984.183,853.822,14643.077,3140.289,3718.207,3239.281,2545.176,1383.716,616.408,34996.535,6824.497,9237.374,8083.406,6122.241,3276.529,1452.489,21441.337,4289.008,5847.139,4935.198,3617.436,1912.343,840.213,13555.198,2535.489,3390.235,3148.208,2504.805,1364.185,612.275,2827.324,1432.357,847.396,267.704,170.755,91.37,17.742,1739.445,827.557,519.424,176.631,130.385,71.84,13.609,1087.879,604.8,327.972,91.073,40.37,19.531,4.133,21249.656,9622.73,3548.437,2318.694,1720.236,1598.295,2441.264,6164.964,3968.297,412.8,215.388,235.76,447.355,885.365,15084.692,5654.433,3135.637,2103.307,1484.476,1150.94,1555.9,6620.589,1180.73,1755.265,1728.981,1204.668,565.928,185.017,4536.263,879.169,1255.873,1143.011,776.466,366.017,115.726,2084.326,301.561,499.392,585.969,428.203,199.911,69.291,4335.099,783.414,1067.548,1104.669,803.667,425.847,149.953,2880.764,603.373,747.07,674.462,499.488,265.013,91.357,1454.335,180.041,320.478,430.206,304.179,160.834,58.596
2009,7,35513.883,19649.927,2109.03,14506.928,2922.406,111.563,10488.17,1546.048,3829.738,42.477,59511.972,29620.034,29891.938,38436.691,23266.471,15170.22,35513.883,21491.739,14022.143,2922.808,1774.732,1148.076,7036.214,4825.868,2210.346,64.586,78.55,50.75,92.396,92.372,92.432,7.604,7.628,7.568,19.813,22.455,15.763,59511.972,17958.844,13713.796,10748.227,8108.603,5043.701,3938.8,29620.034,9141.683,6845.794,5366.943,4041.39,2472.878,1751.346,29891.938,8817.161,6868.002,5381.284,4067.213,2570.824,2187.454,38436.691,8264.806,10181.728,8542.267,6462.193,3455.864,1529.832,23266.471,5102.601,6401.241,5131.845,3762.426,1989.207,879.151,15170.22,3162.205,3780.488,3410.422,2699.767,1466.657,650.682,35513.883,6722.505,9362.743,8271.876,6283.718,3364.033,1509.009,21491.739,4238.962,5885.463,4951.042,3634.039,1915.137,867.096,14022.143,2483.543,3477.28,3320.833,2649.678,1448.896,641.913,2922.808,1542.302,818.985,270.391,178.475,91.831,20.824,1774.732,863.639,515.778,180.803,128.387,74.07,12.055,1148.076,678.663,303.207,89.588,50.088,17.761,8.769,21075.281,9694.038,3532.068,2205.96,1646.41,1587.837,2408.968,6353.563,4039.082,444.554,235.098,278.964,483.671,872.195,14721.719,5654.956,3087.514,1970.863,1367.447,1104.167,1536.773,7036.214,1223.319,1910.296,1812.761,1335.656,579.393,174.788,4825.868,906.853,1360.888,1212.08,867.634,366.291,112.122,2210.346,316.467,549.409,600.68,468.022,213.102,62.666,3948.967,722.364,964.0,976.265,780.748,376.416,129.175,2606.751,561.057,661.225,601.789,476.527,225.73,80.423,1342.217,161.307,302.775,374.476,304.221,150.686,48.752
2009,10,35477.572,18996.523,1906.297,14076.077,2887.009,127.14,10816.42,1435.609,4229.019,41.348,59705.484,29733.364,29972.12,38197.021,23433.207,14763.814,35477.572,21697.632,13779.94,2719.449,1735.575,983.873,6875.561,4807.272,2068.289,63.976,78.811,49.258,92.88,92.594,93.336,7.12,7.406,6.664,19.38,22.156,15.009,59705.484,18005.966,13704.112,10754.019,8170.795,5099.358,3971.235,29733.364,9161.711,6842.192,5376.734,4083.257,2501.919,1767.553,29972.12,8844.255,6861.92,5377.285,4087.538,2597.439,2203.682,38197.021,8248.422,10105.595,8456.6,6451.316,3451.686,1483.402,23433.207,5156.446,6429.531,5166.252,3809.371,2006.288,865.319,14763.814,3091.976,3676.064,3290.348,2641.945,1445.397,618.083,35477.572,6879.458,9297.315,8190.544,6274.248,3370.125,1465.882,21697.632,4365.937,5889.342,4974.274,3670.97,1942.699,854.409,13779.94,2513.521,3407.972,3216.271,2603.278,1427.425,611.473,2719.449,1368.964,808.28,266.056,177.068,81.561,17.52,1735.575,790.508,540.188,191.979,138.401,63.589,10.91,983.873,578.456,268.092,74.077,38.667,17.972,6.61,21508.463,9757.544,3598.517,2297.419,1719.479,1647.672,2487.832,6300.157,4005.265,412.661,210.482,273.886,495.63,902.233,15208.306,5752.279,3185.856,2086.937,1445.593,1152.042,1585.599,6875.561,1240.961,1798.016,1786.978,1275.924,596.474,177.208,4807.272,960.677,1283.968,1218.552,845.742,386.471,111.861,2068.289,280.284,514.047,568.426,430.182,210.003,65.347,4272.42,807.724,990.339,1086.44,834.089,411.677,142.152,2909.798,657.92,679.831,696.254,532.865,253.735,89.193,1362.623,149.804,310.508,390.186,301.224,157.942,52.958
2010,1,36000.93,20082.391,2113.264,14898.026,2948.09,123.011,10572.755,1522.25,3823.535,42.269,60207.929,29990.297,30217.633,38828.281,23514.597,15313.684,36000.93,21686.615,14314.315,2827.351,1827.982,999.369,7107.443,4886.832,2220.61,64.49,78.407,50.678,92.718,92.226,93.474,7.282,7.774,6.526,19.742,22.534,15.513,60207.929,18119.109,13844.496,10832.125,8243.557,5169.792,3998.852,29990.297,9226.747,6933.63,5404.989,4109.978,2536.029,1778.924,30217.633,8892.361,6910.866,5427.135,4133.58,2633.763,2219.928,38828.281,8176.053,10306.823,8632.416,6606.187,3556.323,1550.478,23514.597,5089.034,6482.871,5173.672,3831.824,2049.251,887.946,15313.684,3087.019,3823.953,3458.744,2774.363,1507.072,662.532,36000.93,6720.077,9484.259,8382.469,6423.837,3463.612,1526.676,21686.615,4215.554,5938.66,4993.084,3692.61,1974.195,872.512,14314.315,2504.523,3545.599,3389.385,2731.228,1489.417,654.164,2827.351,1455.977,822.564,249.948,182.35,92.711,23.802,1827.982,873.481,544.21,180.588,139.214,75.055,15.433,999.369,582.496,278.354,69.36,43.136,17.656,8.368,21379.648,9943.055,3537.673,2199.708,1637.37,1613.469,2448.374,6475.7,4137.713,450.759,231.317,278.154,486.778,890.978,14903.949,5805.342,3086.913,1968.391,1359.217,1126.69,1557.396,7107.443,1214.229,1877.559,1846.624,1334.036,629.308,205.686,4886.832,931.102,1345.868,1206.033,871.999,394.971,136.859,2220.61,283.127,531.691,640.591,462.036,234.337,68.827,4173.619,737.204,990.308,1036.211,823.421,418.264,168.211,2748.705,579.621,681.324,626.752,505.131,248.625,107.253,1424.914,157.583,308.985,409.459,318.29,169.639,60.957
2010,4,35412.513,19283.126,1803.947,14225.982,3156.545,96.652,10686.135,1264.468,4178.785,41.192,60561.131,30114.914,30446.217,38511.629,23520.576,14991.053,35412.513,21584.448,13828.065,3099.116,1936.128,1162.988,6296.645,4333.322,1963.323,63.591,78.103,49.238,91.953,91.768,92.242,8.047,8.232,7.758,17.781,20.076,14.198,60561.131,18181.031,13986.066,10859.895,8292.668,5213.933,4027.537,30114.914,9253.379,6965.792,5416.87,4131.419,2556.368,1791.086,30446.217,8927.652,7020.275,5443.025,4161.249,2657.565,2236.451,38511.629,8413.837,10339.479,8440.29,6399.417,3462.159,1456.447,23520.576,5129.609,6500.503,5174.198,3836.666,2032.895,846.705,14991.053,3284.229,3838.976,3266.092,2562.751,1429.264,609.742,35412.513,6829.469,9422.022,8147.015,6209.442,3373.722,1430.843,21584.448,4212.724,5916.558,4965.513,3696.451,1967.184,826.018,13828.065,2616.745,3505.465,3181.502,2512.991,1406.538,604.825,3099.116,1584.368,917.456,293.275,189.975,88.437,25.604,1936.128,916.884,583.945,208.685,140.215,65.711,20.688,1162.988,667.484,333.511,84.59,49.76,22.726,4.917,22049.501,9767.194,3646.588,2419.605,1893.251,1751.774,2571.09,6594.337,4123.77,465.289,242.672,294.753,523.472,944.381,15455.164,5643.424,3181.299,2176.933,1598.498,1228.301,1626.709,6296.645,1133.217,1630.322,1607.403,1177.623,568.077,180.002,4333.322,829.801,1158.916,1083.401,774.344,373.094,113.766,1963.323,303.416,471.406,524.003,403.28,194.984,66.235,3904.067,711.868,920.678,967.997,756.485,402.514,144.526,2609.184,550.523,627.596,613.765,474.025,252.963,90.313,1294.883,161.346,293.082,354.232,282.46,149.551,54.213
2010,7,36236.908,19365.548,1831.217,14394.432,3046.757,93.142,11137.557,1387.817,4345.987,41.762,60928.463,30323.108,30605.355,38946.395,23838.256,15108.139,36236.908,22141.523,14095.386,2709.487,1696.734,1012.753,6502.322,4519.66,1982.661,63.922,78.614,49.364,93.043,92.882,93.297,6.957,7.118,6.703,17.944,20.413,14.066,60928.463,18252.65,14054.479,10910.598,8370.405,5283.291,4057.04,30323.108,9299.19,7018.017,5438.394,4174.552,2586.81,1806.145,30605.355,8953.459,7036.463,5472.204,4195.853,2696.481,2250.894,38946.395,8224.909,10405.756,8558.786,6639.659,3579.697,1537.588,23838.256,5128.78,6578.584,5216.781,3923.775,2104.79,885.547,15108.139,3096.129,3827.172,3342.006,2715.885,1474.906,652.041,36236.908,6805.523,9635.87,8294.52,6475.498,3498.746,1526.751,22141.523,4334.535,6063.343,5028.124,3794.255,2043.071,878.195,14095.386,2470.988,3572.527,3266.396,2681.244,1455.675,648.556,2709.487,1419.385,769.886,264.267,164.161,80.95,10.837,1696.734,794.245,515.241,188.657,129.52,61.72,7.352,1012.753,625.141,254.645,75.61,34.641,19.231,3.485,21982.068,10027.741,3648.723,2351.812,1730.746,1703.594,2519.452,6484.852,4170.411,439.433,221.613,250.777,482.02,920.598,15497.216,5857.33,3209.291,2130.198,1479.969,1221.575,1598.853,6502.322,1129.332,1737.787,1658.423,1237.455,568.415,170.91,4519.66,875.735,1232.546,1113.369,815.199,376.31,106.501,1982.661,253.597,505.24,545.054,422.256,192.105,64.409,3875.179,681.265,924.13,958.409,775.553,401.657,134.164,2602.327,562.05,635.805,586.884,476.403,259.629,81.556,1272.852,119.215,288.325,371.525,299.15,142.028,52.608
2010,10,36488.222,19772.88,1953.734,14742.398,2946.682,130.066,11035.059,1399.911,4280.371,41.585,61168.642,30465.392,30703.251,39286.862,24043.566,15243.295,36488.222,22271.961,14216.261,2798.639,1771.605,1027.034,7141.299,4978.88,2162.419,64.227,78.921,49.647,92.876,92.632,93.262,7.124,7.368,6.738,19.572,22.355,15.211,61168.642,18327.052,14022.208,10967.104,8420.874,5346.847,4084.558,30465.392,9339.839,7006.983,5481.818,4196.225,2624.186,1816.341,30703.251,8987.213,7015.225,5485.286,4224.65,2722.661,2268.216,39286.862,8287.962,10441.864,8625.017,6709.911,3665.102,1557.006,24043.566,5180.568,6596.24,5283.084,3938.326,2140.415,904.933,15243.295,3107.394,3845.623,3341.933,2771.585,1524.687,652.073,36488.222,6909.609,9563.763,8370.301,6524.011,3580.646,1539.893,22271.961,4379.18,6024.876,5106.523,3797.422,2069.398,894.563,14216.261,2530.429,3538.887,3263.778,2726.589,1511.248,645.33,2798.639,1378.353,878.1,254.716,185.9,84.456,17.113,1771.605,801.388,571.364,176.562,140.904,71.017,10.37,1027.034,576.965,306.736,78.155,44.996,13.439,6.743,21881.781,10039.09,3580.345,2342.087,1710.963,1681.745,2527.552,6421.825,4159.271,410.743,198.734,257.899,483.771,911.408,15459.956,5879.82,3169.602,2143.353,1453.064,1197.974,1616.143,7141.299,1291.838,1872.183,1806.66,1366.76,609.164,194.695,4978.88,983.874,1354.367,1223.334,885.026,404.505,127.774,2162.419,307.964,517.816,583.325,481.734,204.659,66.921,4108.644,721.283,936.358,1047.398,828.694,420.026,154.884,2768.07,586.88,658.54,651.355,502.657,267.374,101.262,1340.574,134.403,277.817,396.043,326.037,152.652,53.621
2011,1,36292.904,19848.65,1933.243,14855.074,2947.961,112.372,11029.828,1318.499,4095.928,41.033,61531.138,30592.102,30939.036,39210.201,24020.688,15189.513,36292.904,22192.663,14100.242,2917.296,1828.025,1089.271,7049.824,4879.358,2170.466,63.724,78.519,49.095,92.56,92.39,92.829,7.44,7.61,7.171,19.425,21.986,15.393,61531.138,18455.22,14194.579,11022.587,8435.452,5329.188,4094.111,30592.102,9395.585,7060.926,5498.125,4196.71,2618.598,1822.158,30939.036,9059.635,7133.653,5524.462,4238.742,2710.59,2271.953,39210.201,8308.555,10495.532,8636.754,6622.405,3619.49,1527.464,24020.688,5206.831,6627.245,5269.983,3919.582,2105.803,891.245,15189.513,3101.724,3868.287,3366.772,2702.823,1513.687,636.219,36292.904,6882.878,9605.47,8329.271,6435.265,3533.052,1506.968,22192.663,4388.127,6062.665,5052.329,3769.979,2040.904,878.658,14100.242,2494.751,3542.805,3276.942,2665.285,1492.148,628.31,2917.296,1425.677,890.062,307.484,187.141,86.437,20.496,1828.025,818.704,564.58,217.654,149.603,64.898,12.586,1089.271,606.973,325.482,89.83,37.538,21.539,7.909,22320.937,10146.665,3699.047,2385.833,1813.047,1709.698,2566.647,6571.414,4188.754,433.681,228.142,277.128,512.795,930.913,15749.524,5957.911,3265.366,2157.691,1535.919,1196.903,1635.734,7049.824,1236.541,1854.857,1833.832,1333.356,611.676,179.561,4879.358,942.26,1329.292,1225.617,871.533,398.686,111.969,2170.466,294.281,525.565,608.215,461.824,212.99,67.592,4443.056,785.522,1049.972,1121.841,885.926,454.244,145.552,3028.592,641.255,737.364,712.84,555.988,290.097,91.048,1414.464,144.266,312.608,409.001,329.937,164.147,54.504
2011,4,36819.612,20250.107,1850.331,15241.18,3075.36,83.236,10903.983,1296.763,4368.759,40.863,61778.239,30741.352,31036.888,39690.813,24220.298,15470.514,36819.612,22383.489,14436.123,2871.201,1836.809,1034.391,7127.05,4922.721,2204.329,64.247,78.787,49.846,92.766,92.416,93.314,7.234,7.584,6.686,19.357,21.993,15.27,61778.239,18558.875,14240.954,11036.577,8478.38,5350.164,4113.291,30741.352,9451.044,7107.923,5505.334,4223.882,2623.137,1830.031,31036.888,9107.831,7133.03,5531.243,4254.497,2727.027,2283.26,39690.813,8637.042,10551.692,8719.75,6707.375,3610.484,1464.469,24220.298,5397.233,6650.69,5291.904,3939.7,2100.409,840.362,15470.514,3239.809,3901.003,3427.846,2767.675,1510.075,624.107,36819.612,7201.073,9690.096,8436.028,6522.567,3523.393,1446.455,22383.489,4542.545,6083.018,5099.367,3794.29,2038.616,825.654,14436.123,2658.528,3607.078,3336.661,2728.278,1484.777,620.801,2871.201,1435.969,861.597,283.722,184.808,87.091,18.013,1836.809,854.689,567.672,192.537,145.411,61.793,14.708,1034.391,581.28,293.925,91.185,39.397,25.298,3.306,22087.427,9921.833,3689.261,2316.827,1771.004,1739.68,2648.822,6521.053,4053.811,457.234,213.429,284.182,522.728,989.669,15566.374,5868.022,3232.027,2103.397,1486.822,1216.951,1659.153,7127.05,1323.421,1855.453,1798.95,1360.448,605.331,183.447,4922.721,995.541,1319.212,1206.093,883.12,404.486,114.269,2204.329,327.88,536.241,592.857,477.328,200.845,69.178,4401.932,827.66,1016.871,1090.49,887.505,433.481,145.925,2992.75,659.958,715.325,692.062,550.473,283.992,90.939,1409.182,167.702,301.545,398.428,337.032,149.489,54.986
2011,7,37106.049,20897.338,1959.97,15735.833,3087.969,113.566,10941.47,1301.347,3965.894,41.816,62053.066,30916.397,31136.669,39927.916,24241.204,15686.712,37106.049,22475.257,14630.792,2821.867,1765.947,1055.92,7095.068,4853.277,2241.791,64.345,78.409,50.38,92.933,92.715,93.269,7.067,7.285,6.731,19.121,21.594,15.322,62053.066,18614.315,14332.446,11077.93,8523.326,5372.03,4133.019,30916.397,9474.118,7174.45,5538.122,4254.227,2636.231,1839.25,31136.669,9140.197,7157.996,5539.807,4269.099,2735.8,2293.769,39927.916,8387.98,10656.643,8808.974,6814.685,3716.554,1543.08,24241.204,5204.024,6717.607,5325.492,3974.582,2143.11,876.388,15686.712,3183.956,3939.036,3483.482,2840.103,1573.444,666.692,37106.049,6889.962,9863.334,8561.345,6637.475,3627.054,1526.878,22475.257,4349.793,6198.757,5152.763,3839.339,2069.611,864.994,14630.792,2540.169,3664.577,3408.582,2798.135,1557.443,661.884,2821.867,1498.018,793.309,247.629,177.21,89.499,16.202,1765.947,854.231,518.85,172.73,135.243,73.499,11.394,1055.92,643.786,274.458,74.9,41.967,16.0,4.808,22125.15,10226.335,3675.803,2268.955,1708.641,1655.477,2589.939,6675.193,4270.094,456.843,212.63,279.645,493.121,962.861,15449.957,5956.242,3218.961,2056.325,1428.997,1162.356,1627.077,7095.068,1193.163,1904.763,1846.346,1357.355,617.703,175.739,4853.277,912.297,1334.825,1239.706,867.134,395.697,103.618,2241.791,280.866,569.937,606.64,490.221,222.006,72.121,4068.604,677.899,990.588,1026.656,829.578,412.85,131.033,2669.051,550.011,660.965,634.876,496.909,251.634,74.655,1399.553,127.888,329.622,391.78,332.669,161.216,56.378
2011,10,38549.607,21154.72,2054.509,15893.022,3066.404,140.785,11101.015,1498.983,4794.89,40.848,62167.685,30969.779,31197.906,41193.053,24898.486,16294.567,38549.607,23241.365,15308.242,2643.447,1657.122,986.325,7380.947,4995.108,2385.839,66.261,80.396,52.23,93.583,93.344,93.947,6.417,6.656,6.053,19.147,21.492,15.585,62167.685,18679.373,14254.876,11125.498,8553.852,5403.095,4150.991,30969.779,9515.105,7132.823,5570.113,4256.7,2648.625,1846.413,31197.906,9164.268,7122.053,5555.385,4297.152,2754.47,2304.579,41193.053,9366.298,10721.482,8870.459,6867.272,3799.509,1568.034,24898.486,5788.274,6683.706,5349.132,3992.987,2188.622,895.764,16294.567,3578.024,4037.776,3521.326,2874.284,1610.887,672.27,38549.607,8056.58,9925.565,8609.34,6699.766,3713.285,1545.07,23241.365,5041.458,6164.596,5164.227,3866.153,2122.895,882.035,15308.242,3015.122,3760.969,3445.113,2833.612,1590.39,663.035,2643.447,1309.717,795.917,261.119,167.506,86.224,22.963,1657.122,746.816,519.11,184.905,126.834,65.727,13.729,986.325,562.902,276.807,76.214,40.672,20.497,9.234,20974.632,9313.075,3533.394,2255.04,1686.58,1603.586,2582.958,6071.293,3726.831,449.117,220.981,263.712,460.003,950.649,14903.339,5586.244,3084.277,2034.059,1422.867,1143.583,1632.309,7380.947,1366.143,1938.086,1870.95,1350.829,666.44,188.499,4995.108,1028.812,1350.519,1231.404,850.398,422.139,111.836,2385.839,337.331,587.567,639.547,500.431,244.301,76.662,4447.111,817.953,1029.649,1084.299,888.326,471.878,155.007,2909.932,641.395,702.954,662.517,522.796,291.449,88.82,1537.179,176.558,326.695,421.782,365.529,180.429,66.186
2012,1,37334.18,20663.519,1977.89,15514.419,3058.8,112.409,11025.49,1307.756,4337.416,41.098,62682.489,31182.269,31500.22,40226.295,24537.621,15688.674,37334.18,22697.006,14637.174,2892.115,1840.615,1051.5,7018.201,4791.737,2226.464,64.175,78.691,49.805,92.81,92.499,93.298,7.19,7.501,6.702,18.798,21.112,15.211,62682.489,18807.266,14478.438,11200.574,8603.997,5420.606,4171.61,31182.269,9572.791,7221.615,5585.252,4290.74,2654.709,1857.162,31500.22,9234.474,7256.823,5615.322,4313.257,2765.896,2314.448,40226.295,8608.571,10771.348,8856.754,6775.065,3683.056,1531.501,24537.621,5379.009,6777.605,5346.141,4016.755,2142.152,875.958,15688.674,3229.562,3993.743,3510.612,2758.31,1540.904,655.543,37334.18,7206.307,9898.4,8556.814,6583.085,3578.828,1510.746,22697.006,4568.176,6207.869,5135.724,3864.969,2059.411,860.857,14637.174,2638.131,3690.531,3421.09,2718.116,1519.417,649.89,2892.115,1402.264,872.948,299.94,191.981,104.228,20.754,1840.615,810.834,569.735,210.417,151.786,82.741,15.101,1051.5,591.431,303.212,89.523,40.195,21.487,5.653,22456.195,10198.695,3707.09,2343.82,1828.932,1737.549,2640.109,6644.649,4193.782,444.01,239.111,273.985,512.557,981.204,15811.546,6004.913,3263.08,2104.709,1554.947,1224.992,1658.905,7018.201,1268.558,1877.782,1764.976,1329.322,593.343,184.221,4791.737,953.328,1314.087,1180.952,843.004,385.44,114.925,2226.464,315.231,563.695,584.023,486.318,207.902,69.295,4291.588,771.301,1042.192,1030.782,874.395,428.032,144.887,2857.305,613.285,716.677,642.548,530.209,264.868,89.718,1434.283,158.016,325.514,388.233,344.186,163.164,55.169
2012,4,37842.022,21113.44,1863.399,16208.22,2932.531,109.289,10959.26,1244.733,4524.589,39.172,62841.673,31265.636,31576.037,40644.689,24783.411,15861.278,37842.022,23038.032,14803.99,2802.667,1745.379,1057.288,7313.245,4987.418,2325.827,64.678,79.267,50.232,93.104,92.957,93.334,6.896,7.043,6.666,19.326,21.649,15.711,62841.673,18886.998,14522.944,11209.229,8590.962,5444.453,4187.087,31265.636,9614.99,7239.41,5602.601,4276.737,2668.92,1862.978,31576.037,9272.008,7283.534,5606.628,4314.224,2775.534,2324.109,40644.689,9061.927,10747.181,8849.489,6824.744,3656.896,1504.452,24783.411,5651.633,6775.117,5376.623,4003.251,2108.109,868.678,15861.278,3410.295,3972.065,3472.866,2821.493,1548.786,635.774,37842.022,7611.473,9956.804,8573.514,6637.529,3581.458,1481.244,23038.032,4822.061,6269.179,5185.635,3860.512,2047.655,852.99,14803.99,2789.412,3687.625,3387.879,2777.017,1533.803,628.255,2802.667,1450.454,790.378,275.975,187.215,75.437,23.208,1745.379,829.572,505.937,190.989,142.739,60.454,15.689,1057.288,620.882,284.44,84.986,44.476,14.983,7.519,22196.983,9825.07,3775.763,2359.741,1766.218,1787.558,2682.634,6482.224,3963.357,464.293,225.978,273.486,560.81,994.299,15714.759,5861.713,3311.469,2133.763,1492.732,1226.747,1688.335,7313.245,1383.991,1927.858,1821.235,1363.804,637.409,178.948,4987.418,1025.186,1380.676,1199.399,867.1,403.508,111.548,2325.827,358.805,547.181,621.836,496.703,233.902,67.4,4851.167,941.111,1146.068,1211.516,944.748,464.338,143.386,3229.685,713.347,812.735,753.034,576.332,284.735,89.503,1621.482,227.764,333.334,458.482,368.416,179.604,53.884
2012,7,37554.58,22578.401,2092.559,17333.629,3006.185,146.028,9900.696,1451.051,3624.433,42.525,63114.1,31475.725,31638.374,40401.316,24461.679,15939.637,37554.58,22694.795,14859.785,2846.736,1766.884,1079.852,8564.582,5823.976,2740.606,64.013,77.716,50.381,92.954,92.777,93.225,7.046,7.223,6.775,22.806,25.662,18.443,63114.1,18955.209,14570.319,11250.328,8667.93,5463.752,4206.561,31475.725,9650.123,7298.48,5648.116,4328.364,2679.386,1871.258,31638.374,9305.087,7271.839,5602.213,4339.566,2784.367,2335.303,40401.316,8560.488,10743.549,8917.288,6884.69,3747.377,1547.924,24461.679,5289.069,6772.07,5375.42,4001.901,2145.454,877.765,15939.637,3271.419,3971.479,3541.868,2882.79,1601.922,670.159,37554.58,7105.694,9939.694,8630.432,6706.415,3644.107,1528.238,22694.795,4457.914,6244.858,5180.783,3872.083,2072.093,867.064,14859.785,2647.78,3694.836,3449.649,2834.332,1572.014,661.174,2846.736,1454.793,803.855,286.856,178.275,103.269,19.686,1766.884,831.155,527.212,194.637,129.818,73.361,10.701,1079.852,623.639,276.644,92.219,48.457,29.908,8.985,22712.784,10394.722,3826.769,2333.04,1783.24,1716.376,2658.637,7014.046,4361.054,526.41,272.695,326.463,533.931,993.492,15698.738,6033.668,3300.359,2060.345,1456.777,1182.444,1665.145,8564.582,1560.765,2214.467,2155.234,1649.502,748.633,235.982,5823.976,1172.83,1581.337,1419.374,1047.28,465.046,138.109,2740.606,387.935,633.13,735.86,602.222,283.587,97.873,4676.746,848.342,1104.588,1131.035,934.546,487.197,171.037,3042.25,666.743,764.941,671.164,551.908,288.863,98.632,1634.496,181.599,339.647,459.871,382.638,198.335,72.405
2012,10,37670.023,21612.983,2039.234,16453.646,3002.226,117.877,10619.155,1337.538,4100.347,41.879,63303.135,31552.987,31750.149,40433.37,24681.702,15751.669,37670.023,22965.904,14704.119,2763.347,1715.798,1047.55,7160.342,4900.905,2259.437,63.873,78.223,49.611,93.166,93.048,93.35,6.834,6.952,6.65,19.008,21.34,15.366,63303.135,19060.695,14496.565,11314.917,8706.743,5498.067,4226.149,31552.987,9700.084,7267.735,5667.813,4348.057,2690.368,1878.931,31750.149,9360.611,7228.83,5647.104,4358.687,2807.699,2347.217,40433.37,8703.065,10736.653,8908.563,6865.683,3703.125,1516.281,24681.702,5404.017,6778.88,5423.134,4052.661,2149.085,873.925,15751.669,3299.048,3957.772,3485.429,2813.022,1554.041,642.356,37670.023,7362.547,9922.341,8625.79,6663.674,3601.346,1494.326,22965.904,4638.347,6271.207,5218.683,3903.533,2071.825,862.309,14704.119,2724.2,3651.134,3407.106,2760.141,1529.521,632.017,2763.347,1340.518,814.312,282.774,202.009,101.779,21.955,1715.798,765.67,507.674,204.451,149.128,77.259,11.615,1047.55,574.848,306.639,78.323,52.881,24.52,10.339,22869.765,10357.629,3759.912,2406.354,1841.06,1794.942,2709.868,6871.285,4296.067,488.854,244.679,295.396,541.283,1005.006,15998.48,6061.563,3271.058,2161.675,1545.664,1253.659,1704.861,7160.342,1306.522,1884.097,1820.397,1322.643,639.071,187.612,4900.905,984.968,1332.557,1207.064,856.563,399.763,119.99,2259.437,321.554,551.54,613.333,466.08,239.308,67.621,4138.39,760.96,967.299,1023.052,810.397,438.242,138.44,2729.678,601.574,671.052,620.158,487.264,262.679,86.951,1408.712,159.386,296.247,402.893,323.133,175.563,51.49
2013,1,37940.024,22832.271,2117.728,17503.437,3053.528,157.578,10191.137,1340.233,3576.383,42.227,63719.743,31743.842,31975.901,40833.696,24667.062,16166.634,37940.024,22826.888,15113.136,2893.672,1840.174,1053.498,7933.736,5397.352,2536.383,64.083,77.707,50.559,92.914,92.54,93.484,7.086,7.46,6.516,20.911,23.645,16.783,63719.743,19155.684,14678.127,11379.322,8746.003,5515.816,4244.791,31743.842,9744.97,7344.663,5699.22,4364.488,2702.007,1888.494,31975.901,9410.714,7333.464,5680.102,4381.515,2813.809,2356.297,40833.696,8588.75,10914.848,9028.823,6981.165,3774.544,1545.565,24667.062,5377.954,6820.33,5408.785,4034.552,2141.335,884.107,16166.634,3210.796,4094.519,3620.038,2946.613,1633.209,661.459,37940.024,7161.876,10061.009,8741.814,6776.963,3677.196,1521.166,22826.888,4522.898,6278.53,5211.214,3879.491,2066.505,868.251,15113.136,2638.978,3782.479,3530.601,2897.472,1610.691,652.915,2893.672,1426.874,853.84,287.009,204.201,97.348,24.4,1840.174,855.056,541.8,197.571,155.061,74.83,15.856,1053.498,571.819,312.039,89.438,49.14,22.518,8.544,22886.047,10566.933,3763.279,2350.499,1764.838,1741.272,2699.226,7076.78,4367.015,524.333,290.435,329.936,560.672,1004.388,15809.267,6199.918,3238.946,2060.063,1434.902,1180.6,1694.838,7933.736,1414.453,2044.667,2012.004,1540.92,713.65,208.042,5397.352,1062.589,1460.726,1326.133,971.57,445.677,130.658,2536.383,351.865,583.941,685.871,569.35,267.972,77.384,4498.278,814.587,1031.162,1124.295,903.826,473.556,150.854,2948.01,642.781,708.989,684.543,536.065,283.498,92.135,1550.269,171.806,322.172,439.753,367.761,190.058,58.719
2013,4,37819.069,21735.205,1828.285,16742.974,3068.497,95.449,10812.286,1145.099,4126.479,41.846,64089.951,31896.881,32193.071,40906.264,24996.004,15910.26,37819.069,23100.888,14718.182,3087.195,1895.116,1192.079,7251.077,4974.828,2276.249,63.826,78.365,49.421,92.453,92.418,92.507,7.547,7.582,7.493,19.173,21.535,15.466,64089.951,19248.246,14801.429,11449.785,8773.386,5552.206,4264.899,31896.881,9793.006,7378.563,5731.018,4374.127,2722.919,1897.249,32193.071,9455.24,7422.867,5718.767,4399.258,2829.287,2367.651,40906.264,8953.175,10960.598,8972.763,6842.995,3698.269,1478.465,24996.004,5598.478,6857.776,5486.445,4064.535,2146.126,842.643,15910.26,3354.697,4102.822,3486.317,2778.46,1552.143,635.821,37819.069,7465.697,10005.048,8645.129,6659.374,3587.028,1456.792,23100.888,4749.354,6270.034,5263.545,3923.949,2065.234,828.773,14718.182,2716.343,3735.014,3381.584,2735.425,1521.795,628.02,3087.195,1487.478,955.55,327.633,183.621,111.24,21.672,1895.116,849.124,587.742,222.901,140.586,80.892,13.871,1192.079,638.354,367.807,104.733,43.034,30.348,7.802,23183.687,10295.071,3840.831,2477.023,1930.391,1853.937,2786.435,6900.877,4194.528,520.787,244.572,309.592,576.793,1054.605,16282.81,6100.543,3320.045,2232.45,1620.799,1277.145,1731.829,7251.077,1403.442,1946.806,1797.889,1310.392,620.666,171.881,4974.828,1047.725,1360.59,1218.814,848.889,390.592,108.218,2276.249,355.717,586.216,579.074,461.503,230.075,63.664,4055.292,798.298,972.734,967.48,784.169,408.403,124.208,2718.609,629.077,662.536,623.444,473.211,252.093,78.248,1336.682,169.221,310.198,344.036,310.958,156.31,45.961
2013,7,38175.187,22217.254,1999.111,17047.675,3023.566,146.902,10818.28,1286.675,3852.979,41.763,64469.504,32122.198,32347.306,41177.666,25106.78,16070.886,38175.187,23264.786,14910.401,3002.478,1841.993,1160.485,7340.157,5009.783,2330.374,63.872,78.16,49.682,92.708,92.663,92.779,7.292,7.337,7.221,19.228,21.534,15.629,64469.504,19337.672,14896.592,11530.938,8834.62,5584.141,4285.541,32122.198,9840.125,7443.923,5781.493,4407.066,2741.956,1907.635,32347.306,9497.547,7452.669,5749.445,4427.554,2842.185,2377.906,41177.666,8725.886,11011.225,9080.698,7002.354,3786.839,1570.662,25106.78,5423.914,6942.963,5535.306,4108.49,2192.415,903.691,16070.886,3301.972,4068.262,3545.393,2893.863,1594.424,666.971,38175.187,7256.861,10129.65,8730.096,6821.156,3682.35,1555.073,23264.786,4570.224,6419.272,5304.731,3967.699,2109.863,892.997,14910.401,2686.638,3710.378,3425.365,2853.457,1572.487,662.076,3002.478,1469.025,881.575,350.602,181.198,104.489,15.589,1841.993,853.69,523.691,230.574,140.791,82.552,10.694,1160.485,615.335,357.884,120.028,40.407,21.937,4.895,23291.839,10611.786,3885.366,2450.24,1832.267,1797.301,2714.879,7015.419,4416.211,500.96,246.187,298.576,549.541,1003.944,16276.42,6195.575,3384.407,2204.052,1533.691,1247.76,1710.935,7340.157,1283.369,1955.367,1870.861,1389.121,662.501,178.939,5009.783,957.306,1386.004,1242.426,887.743,425.836,110.468,2330.374,326.063,569.363,628.435,501.378,236.665,68.471,4270.848,758.847,1022.322,1059.288,854.057,440.023,136.31,2820.215,605.038,708.813,648.104,511.472,262.892,83.896,1450.633,153.809,313.509,411.184,342.585,177.131,52.414
2013,10,38536.576,22204.286,1931.482,17162.476,3000.9,109.428,10851.075,1316.517,4164.698,40.956,64414.045,32132.866,32281.18,41171.771,25100.386,16071.385,38536.576,23407.537,15129.039,2635.195,1692.849,942.347,6960.834,4843.634,2117.199,63.917,78.114,49.786,93.6,93.256,94.136,6.4,6.744,5.864,18.063,20.693,13.994,64414.045,19398.762,14700.441,11531.554,8870.089,5607.42,4305.78,32132.866,9869.839,7389.499,5782.273,4432.046,2743.022,1916.187,32281.18,9528.923,7310.942,5749.282,4438.043,2864.397,2389.592,41171.771,8707.973,10963.116,9117.918,7035.418,3781.224,1566.122,25100.386,5458.724,6899.178,5537.151,4130.545,2157.568,917.22,16071.385,3249.249,4063.938,3580.767,2904.873,1623.656,648.903,38536.576,7453.886,10124.856,8856.059,6859.182,3695.374,1547.219,23407.537,4715.737,6357.183,5351.509,3989.156,2089.915,904.037,15129.039,2738.149,3767.673,3504.55,2870.026,1605.459,643.183,2635.195,1254.087,838.261,261.859,176.236,85.85,18.903,1692.849,742.987,541.995,185.641,141.389,67.653,13.183,942.347,511.1,296.265,76.217,34.847,18.197,5.72,23242.274,10690.789,3737.325,2413.637,1834.671,1826.196,2739.657,7032.48,4411.115,490.32,245.122,301.5,585.455,998.968,16209.794,6279.674,3247.004,2168.515,1533.171,1240.741,1740.689,6960.834,1275.693,1847.211,1780.079,1270.263,612.62,174.967,4843.634,985.198,1329.855,1209.824,813.552,393.585,111.621,2117.199,290.495,517.357,570.256,456.711,219.034,63.346,4458.957,823.223,1097.494,1091.743,843.55,452.906,150.041,3017.017,653.658,777.422,703.299,506.433,278.876,97.328,1441.94,169.565,320.072,388.444,337.117,174.03,52.713
2014,1,36418.495,20929.815,1874.23,16072.247,2865.324,118.014,10378.549,1248.292,3861.839,40.966,61776.988,30760.158,31016.83,39387.374,23943.261,15444.112,36418.495,22044.778,14373.717,2968.878,1898.483,1070.395,7103.487,4859.531,2243.956,63.757,77.839,49.793,92.462,92.071,93.069,7.538,7.929,6.931,19.505,22.044,15.612,61776.988,18486.556,14255.912,11083.389,8511.899,5362.39,4076.842,30760.158,9403.835,7122.012,5542.947,4248.58,2630.791,1811.993,31016.83,9082.721,7133.899,5540.442,4263.32,2731.599,2264.849,39387.374,8274.253,10606.988,8735.596,6754.109,3585.874,1430.554,23943.261,5121.845,6624.249,5299.948,3977.694,2090.806,828.718,15444.112,3152.408,3982.739,3435.647,2776.414,1495.068,601.836,36418.495,6841.813,9719.112,8426.328,6546.971,3470.485,1413.787,22044.778,4264.296,6056.115,5080.246,3826.385,2001.112,816.623,14373.717,2577.517,3662.997,3346.081,2720.586,1469.373,597.164,2968.878,1432.441,887.876,309.268,207.138,115.389,16.767,1898.483,857.549,568.134,219.702,151.309,89.694,12.095,1070.395,574.891,319.742,89.566,55.829,25.695,4.672,22389.615,10212.303,3648.924,2347.794,1757.791,1776.516,2646.288,6816.897,4281.989,497.763,242.999,270.885,539.985,983.275,15572.718,5930.314,3151.16,2104.795,1486.905,1236.531,1663.013,7103.487,1267.387,1860.67,1806.465,1370.329,628.546,170.089,4859.531,927.565,1305.04,1214.096,896.061,406.462,110.307,2243.956,339.822,555.631,592.369,474.268,222.084,59.782,4357.601,766.225,1022.443,1087.94,887.435,459.432,134.127,2945.466,615.516,717.473,701.012,543.297,282.697,85.471,1412.135,150.709,304.969,386.928,344.137,176.735,48.656
2014,4,38664.249,22218.571,1827.494,17267.134,3020.702,103.241,10896.703,1223.437,4325.538,40.266,63772.212,31727.188,32045.023,41588.35,25136.938,16451.413,38664.249,23331.419,15332.83,2924.101,1805.519,1118.583,7027.174,4765.389,2261.785,65.214,79.228,51.338,92.969,92.817,93.201,7.031,7.183,6.799,18.175,20.425,14.751,63772.212,19145.332,14728.257,11382.994,8754.627,5526.408,4234.594,31727.188,9740.858,7339.181,5698.256,4365.42,2700.755,1882.72,32045.023,9404.474,7389.076,5684.738,4389.207,2825.654,2351.874,41588.35,9253.787,11088.16,9101.109,6916.607,3724.784,1503.903,25136.938,5741.031,6876.896,5448.941,4076.586,2138.675,854.808,16451.413,3512.756,4211.264,3652.168,2840.02,1586.109,649.095,38664.249,7797.23,10195.188,8820.7,6718.711,3644.937,1487.484,23331.419,4913.381,6317.505,5253.105,3925.437,2076.554,845.437,15332.83,2883.849,3877.683,3567.595,2793.273,1568.383,642.046,2924.101,1456.557,892.972,280.409,197.896,79.848,16.42,1805.519,827.65,559.391,195.836,151.149,62.121,9.371,1118.583,628.907,333.581,84.573,46.747,17.726,7.049,22183.862,9891.544,3640.097,2281.885,1838.02,1801.624,2730.691,6590.251,3999.826,462.285,249.315,288.833,562.079,1027.912,15593.611,5891.718,3177.812,2032.57,1549.187,1239.545,1702.779,7027.174,1308.959,1814.331,1799.146,1290.305,632.139,182.295,4765.389,951.908,1270.601,1198.516,820.412,405.733,118.219,2261.785,357.051,543.731,600.63,469.893,226.405,64.076,4469.945,842.959,1042.217,1127.493,853.529,457.745,146.003,2914.92,625.994,701.993,698.689,511.342,284.182,92.719,1555.024,216.965,340.224,428.803,342.186,173.563,53.283
2014,7,38452.625,22449.099,2028.225,17226.811,3052.923,141.14,10750.502,1253.063,3999.961,40.948,64070.435,31925.022,32145.413,41230.829,25001.993,16228.836,38452.625,23242.47,15210.155,2778.204,1759.523,1018.681,7049.253,4823.219,2226.034,64.352,78.315,50.486,93.262,92.962,93.723,6.738,7.038,6.277,18.332,20.752,14.635,64070.435,19215.357,14751.547,11457.626,8822.68,5564.47,4258.755,31925.022,9767.844,7394.845,5734.593,4399.934,2732.144,1895.662,32145.413,9447.513,7356.702,5723.033,4422.746,2832.326,2363.093,41230.829,8683.612,11020.211,9083.98,7044.403,3806.535,1592.088,25001.993,5398.871,6904.728,5480.923,4119.294,2187.492,910.684,16228.836,3284.741,4115.484,3603.057,2925.108,1619.042,681.404,38452.625,7313.212,10164.146,8803.774,6881.026,3718.37,1572.098,23242.47,4603.97,6350.529,5285.577,3988.771,2117.495,896.128,15210.155,2709.242,3813.617,3518.197,2892.255,1600.875,675.97,2778.204,1370.401,856.066,280.206,163.377,88.165,19.99,1759.523,794.901,554.199,195.346,130.524,69.997,14.556,1018.681,575.499,301.867,84.86,32.853,18.168,5.434,22839.606,10531.745,3731.336,2373.646,1778.277,1757.935,2666.667,6923.029,4368.973,490.117,253.67,280.639,544.652,984.978,15916.577,6162.772,3241.218,2119.976,1497.638,1213.284,1681.689,7049.253,1244.807,1857.905,1820.381,1350.309,582.131,193.72,4823.219,915.519,1336.085,1215.16,859.875,376.304,120.276,2226.034,329.288,521.82,605.221,490.434,205.827,73.444,4374.249,737.458,1074.386,1106.408,882.896,417.144,155.958,2901.97,566.836,765.272,688.73,526.941,260.376,93.815,1472.279,170.622,309.114,417.678,355.954,156.769,62.143
2014,10,38836.894,22553.661,1918.726,17461.928,3056.501,116.506,10959.019,1153.037,4171.177,41.233,64256.588,32063.29,32193.298,41318.843,25140.708,16178.134,38836.894,23522.275,15314.619,2481.949,1618.433,863.515,7278.458,5008.167,2270.291,64.303,78.41,50.253,93.993,93.563,94.662,6.007,6.437,5.338,18.741,21.291,14.824,64256.588,19307.544,14687.427,11527.27,8860.401,5598.895,4275.052,32063.29,9823.616,7382.895,5783.808,4424.378,2746.288,1902.304,32193.298,9483.928,7304.533,5743.462,4436.023,2852.606,2372.747,41318.843,8640.682,10987.585,9196.345,7102.666,3848.365,1543.2,25140.708,5439.642,6895.709,5539.789,4152.444,2209.236,903.889,16178.134,3201.039,4091.876,3656.557,2950.222,1639.129,639.311,38836.894,7413.614,10238.189,8950.247,6943.489,3764.93,1526.425,23522.275,4694.985,6403.256,5371.822,4021.827,2139.335,891.05,15314.619,2718.628,3834.933,3578.425,2921.662,1625.595,635.375,2481.949,1227.068,749.395,246.098,159.178,83.434,16.775,1618.433,744.657,492.453,167.967,130.617,69.9,12.839,863.515,482.411,256.942,78.131,28.561,13.534,3.936,22937.745,10666.862,3699.842,2330.924,1757.734,1750.53,2731.852,6922.581,4383.974,487.185,244.02,271.934,537.053,998.416,16015.164,6282.888,3212.657,2086.905,1485.8,1213.477,1733.436,7278.458,1313.121,2009.74,1824.883,1336.313,620.847,173.553,5008.167,984.614,1411.584,1239.499,861.024,396.489,114.957,2270.291,328.507,598.156,585.384,475.289,224.358,58.596,4249.788,748.168,1064.19,1040.604,839.067,422.516,135.242,2841.804,600.787,723.918,651.764,514.432,261.726,89.177,1407.983,147.381,340.272,388.84,324.636,160.79,46.065
2015,1,38461.491,22133.839,1916.923,17046.602,3059.81,110.504,10944.487,1169.655,4213.509,40.34,64591.228,32210.876,32380.352,41164.499,25073.44,16091.059,38461.491,23289.76,15171.731,2703.008,1783.68,919.327,6882.589,4743.26,2139.329,63.731,77.842,49.694,93.434,92.886,94.287,6.566,7.114,5.713,17.895,20.366,14.101,64591.228,19417.564,14827.961,11571.897,8877.505,5606.753,4289.549,32210.876,9877.463,7425.42,5809.83,4437.607,2752.058,1908.497,32380.352,9540.1,7402.541,5762.067,4439.898,2854.695,2381.051,41164.499,8532.702,11073.651,9178.618,7040.493,3804.707,1534.329,25073.44,5381.136,6902.958,5537.776,4132.314,2224.382,894.875,16091.059,3151.566,4170.694,3640.841,2908.178,1580.325,639.454,38461.491,7258.715,10215.471,8886.064,6869.907,3719.143,1512.19,23289.76,4599.115,6333.32,5316.139,4004.17,2157.112,879.904,15171.731,2659.6,3882.151,3569.925,2865.737,1562.031,632.287,2703.008,1273.986,858.18,292.553,170.586,85.564,22.138,1783.68,782.021,569.638,221.637,128.145,67.269,14.971,919.327,491.966,288.542,70.916,42.442,18.294,7.167,23426.729,10884.862,3754.309,2393.279,1837.012,1802.046,2755.22,7137.436,4496.328,522.462,272.054,305.293,527.677,1013.623,16289.293,6388.534,3231.847,2121.225,1531.719,1274.37,1741.597,6882.589,1200.134,1808.217,1744.657,1349.867,610.901,168.813,4743.26,899.546,1283.578,1180.353,867.853,403.015,108.916,2139.329,300.589,524.639,564.304,482.014,207.887,59.897,4317.731,726.495,1052.548,1065.729,903.582,438.454,130.923,2889.327,568.903,733.457,682.513,542.418,278.446,83.59,1428.404,157.592,319.091,383.215,361.165,160.008,47.333
2015,4,39158.372,22636.269,1882.375,17445.352,3209.97,98.572,11034.531,1154.779,4332.794,39.562,64801.917,32318.05,32483.867,41839.711,25260.139,16579.573,39158.372,23567.762,15590.61,2681.339,1692.376,988.963,6982.991,4773.651,2209.34,64.566,78.161,51.039,93.591,93.3,94.035,6.409,6.7,5.965,17.833,20.255,14.171,64801.917,19474.721,14893.962,11559.59,8932.925,5629.369,4311.35,32318.05,9913.61,7461.696,5799.438,4467.237,2758.926,1917.144,32483.867,9561.112,7432.266,5760.152,4465.688,2870.443,2394.206,41839.711,9034.565,11231.744,9134.271,7071.601,3833.861,1533.67,25260.139,5565.888,6922.403,5529.514,4175.727,2204.616,861.99,16579.573,3468.677,4309.34,3604.756,2895.875,1629.244,671.679,39158.372,7684.038,10424.704,8864.817,6903.073,3759.384,1522.356,23567.762,4773.439,6417.487,5340.766,4043.204,2139.464,853.403,15590.61,2910.599,4007.218,3524.051,2859.869,1619.92,668.953,2681.339,1350.527,807.039,269.454,168.529,74.477,11.313,1692.376,792.449,504.917,188.749,132.523,65.153,8.587,988.963,558.079,302.123,80.705,36.006,9.325,2.726,22962.206,10440.156,3662.218,2425.32,1861.323,1795.508,2777.68,7057.912,4347.722,539.292,269.924,291.51,554.31,1055.154,15904.294,6092.435,3122.926,2155.396,1569.813,1241.198,1722.526,6982.991,1270.466,1852.883,1718.584,1361.043,612.37,167.645,4773.651,933.691,1311.672,1140.521,888.329,392.305,107.133,2209.34,336.775,541.211,578.062,472.714,220.065,60.512,4544.643,811.758,1129.156,1093.971,924.933,451.093,133.732,3034.027,625.981,773.931,687.42,581.697,280.157,84.84,1510.617,185.777,355.225,406.551,343.236,170.936,48.892
2015,7,39177.317,24455.05,2249.407,18689.828,3379.698,136.117,10237.137,1322.302,3162.828,42.411,66613.308,33298.897,33314.411,41900.675,25362.113,16538.562,39177.317,23671.077,15506.24,2723.358,1691.036,1032.322,8220.36,5566.225,2654.135,62.901,76.165,49.644,93.5,93.332,93.758,6.5,6.668,6.242,20.982,23.515,17.117,66613.308,20012.598,15329.461,11871.414,9181.48,5777.468,4440.887,33298.897,10190.363,7722.388,5969.773,4601.683,2838.155,1976.536,33314.411,9822.234,7607.073,5901.642,4579.797,2939.313,2464.352,41900.675,8405.832,11316.755,9391.401,7239.898,3904.76,1642.029,25362.113,5173.92,7068.967,5663.192,4257.585,2256.61,941.838,16538.562,3231.912,4247.788,3728.209,2982.312,1648.15,700.19,39177.317,7034.78,10511.345,9107.589,7068.083,3831.458,1624.062,23671.077,4369.784,6566.867,5474.699,4129.904,2199.989,929.835,15506.24,2664.996,3944.478,3632.89,2938.18,1631.469,694.227,2723.358,1371.052,805.41,283.812,171.814,73.302,17.967,1691.036,804.136,502.1,188.493,127.682,56.621,12.003,1032.322,566.916,303.31,95.319,44.132,16.681,5.964,24712.633,11606.766,4012.706,2480.014,1941.583,1872.708,2798.858,7936.784,5016.443,653.421,306.581,344.098,581.545,1034.697,16775.849,6590.322,3359.285,2173.433,1597.485,1291.162,1764.161,8220.36,1319.172,2223.122,2137.65,1589.048,726.707,224.66,5566.225,956.737,1584.887,1404.191,1014.822,456.445,149.143,2654.135,362.435,638.235,733.459,574.226,270.262,75.517,4235.315,653.153,1029.824,1078.381,878.635,443.523,151.799,2721.162,513.405,702.749,633.188,510.093,261.116,100.61,1514.153,139.748,327.075,445.193,368.542,182.406,51.189
2015,10,39775.04,23571.476,1971.172,18185.196,3307.501,107.607,11086.626,1282.913,3834.026,41.581,66622.447,33284.255,33338.192,42145.637,25609.213,16536.424,39775.04,24105.573,15669.467,2370.597,1503.64,866.957,7020.271,4768.226,2252.045,63.26,76.941,49.602,94.375,94.129,94.757,5.625,5.871,5.243,17.65,19.781,14.372,66622.447,20105.57,15172.255,11884.709,9199.863,5800.66,4459.391,33284.255,10220.154,7641.141,5969.474,4619.778,2849.983,1983.725,33338.192,9885.416,7531.114,5915.235,4580.085,2950.677,2475.666,42145.637,8463.652,11370.073,9375.34,7333.715,3956.541,1646.315,25609.213,5268.721,7092.807,5693.492,4313.923,2294.1,946.17,16536.424,3194.931,4277.267,3681.847,3019.792,1662.441,700.146,39775.04,7324.234,10607.443,9135.281,7194.435,3882.869,1630.778,24105.573,4590.368,6612.865,5525.014,4206.171,2235.3,935.855,15669.467,2733.866,3994.578,3610.267,2988.263,1647.569,694.923,2370.597,1139.419,762.63,240.059,139.28,73.672,15.537,1503.64,678.353,479.942,168.478,107.752,58.8,10.315,866.957,461.065,282.688,71.58,31.528,14.872,5.223,24476.81,11641.917,3802.181,2509.369,1866.148,1844.119,2813.076,7675.042,4951.433,548.334,275.981,305.855,555.883,1037.555,16801.768,6690.485,3253.847,2233.388,1560.293,1288.235,1775.52,7020.271,1173.89,1847.634,1794.123,1376.719,632.021,195.884,4768.226,873.543,1299.077,1193.041,880.939,399.675,121.95,2252.045,300.347,548.557,601.082,495.78,232.346,73.934,4010.718,640.556,947.158,1007.242,848.274,420.403,147.085,2629.876,497.607,651.225,628.811,501.339,255.54,95.356,1380.841,142.95,295.933,378.432,346.935,164.862,51.73
2016,1,40689.306,25598.637,2315.209,19653.808,3481.727,147.893,10649.61,1403.646,3037.413,42.528,67889.467,34022.432,33867.035,43144.106,26111.344,17032.763,40689.306,24542.221,16147.086,2454.8,1569.123,885.677,7975.0,5381.212,2593.789,63.551,76.747,50.293,94.31,93.991,94.8,5.69,6.009,5.2,19.6,21.926,16.064,67889.467,19540.295,14949.895,12048.816,9720.562,6574.939,5054.96,34022.432,10032.323,7648.443,6110.12,4867.065,3203.303,2161.178,33867.035,9507.973,7301.452,5938.696,4853.497,3371.636,2893.781,43144.106,8058.73,11203.825,9660.519,7765.294,4548.545,1907.192,26111.344,5090.584,7046.675,5799.701,4538.421,2594.301,1041.662,17032.763,2968.146,4157.151,3860.819,3226.873,1954.244,865.529,40689.306,6896.835,10453.095,9415.273,7581.256,4455.925,1886.922,24542.221,4383.859,6552.419,5633.888,4413.956,2528.94,1029.158,16147.086,2512.976,3900.676,3781.385,3167.3,1926.985,857.764,2454.8,1161.895,750.73,245.246,184.039,92.62,20.27,1569.123,706.724,494.255,165.813,124.465,65.361,12.504,885.677,455.171,256.475,79.434,59.573,27.259,7.765,24745.36,11481.565,3746.069,2388.297,1955.267,2026.393,3147.768,7911.088,4941.739,601.768,310.419,328.644,609.002,1119.516,16834.272,6539.826,3144.301,2077.877,1626.624,1417.392,2028.252,7975.0,1196.438,2075.235,2048.059,1617.543,814.145,223.581,5381.212,892.869,1439.232,1364.911,1043.062,508.897,132.241,2593.789,303.569,636.003,683.148,574.481,305.248,91.34,4188.573,578.771,965.779,1071.505,933.993,484.216,154.31,2696.776,469.662,654.774,645.602,548.599,287.766,90.373,1491.797,109.109,311.004,425.903,385.393,196.45,63.937
2016,4,40664.012,25064.714,2041.469,19666.671,3206.281,150.293,10895.707,1343.465,3360.125,42.221,68166.745,34035.392,34131.353,43289.288,26615.647,16673.64,40664.012,24955.133,15708.879,2625.275,1660.514,964.761,7430.69,5151.392,2279.298,63.505,78.2,48.851,93.936,93.761,94.214,6.064,6.239,5.786,18.273,20.643,14.51,68166.745,19614.99,15159.991,12025.889,9699.745,6594.097,5072.033,34035.392,10048.385,7705.085,6059.618,4844.822,3209.623,2167.86,34131.353,9566.604,7454.907,5966.271,4854.923,3384.475,2904.173,43289.288,8800.466,11242.523,9432.285,7646.257,4340.212,1827.544,26615.647,5535.045,7209.898,5809.528,4541.016,2511.797,1008.364,16673.64,3265.421,4032.625,3622.757,3105.241,1828.415,819.181,40664.012,7506.276,10499.191,9159.005,7447.981,4248.566,1802.993,24955.133,4756.454,6728.75,5628.544,4402.187,2446.252,992.945,15708.879,2749.822,3770.441,3530.461,3045.794,1802.313,810.048,2625.275,1294.19,743.332,273.28,198.276,91.647,24.551,1660.514,778.591,481.147,180.984,138.828,65.545,15.419,964.761,515.599,262.185,92.296,59.447,26.102,9.132,24877.457,10814.524,3917.469,2593.604,2053.488,2253.885,3244.488,7419.745,4513.34,495.187,250.09,303.806,697.826,1159.496,17457.712,6301.184,3422.281,2343.514,1749.681,1556.06,2084.992,7430.69,1255.123,1982.827,1824.083,1430.29,720.604,217.763,5151.392,922.622,1467.429,1225.642,937.895,460.316,137.488,2279.298,332.501,515.398,598.441,492.395,260.288,80.275,4287.909,693.905,1008.881,1025.858,887.766,510.144,161.355,2865.38,524.142,730.227,635.009,549.853,320.789,105.36,1422.529,169.763,278.654,390.849,337.913,189.355,55.994
2016,7,40953.781,25047.122,2020.085,19605.299,3300.276,121.462,11321.999,1436.712,3147.947,42.571,68443.254,34204.856,34238.398,43286.001,26514.603,16771.399,40953.781,25104.282,15849.499,2332.22,1410.32,921.9,7134.423,4933.489,2200.933,63.244,77.517,48.984,94.612,94.681,94.503,5.388,5.319,5.497,17.421,19.652,13.886,68443.254,19733.89,15178.32,12070.891,9738.453,6633.65,5088.05,34204.856,10114.072,7722.771,6091.032,4865.128,3236.402,2175.45,34238.398,9619.818,7455.548,5979.859,4873.325,3397.248,2912.6,43286.001,8307.045,11295.515,9611.293,7763.228,4511.685,1797.235,26514.603,5218.992,7224.229,5855.194,4559.609,2631.072,1025.508,16771.399,3088.053,4071.286,3756.099,3203.619,1880.613,771.728,40953.781,7186.821,10635.993,9327.131,7600.045,4432.946,1770.844,25104.282,4605.701,6804.602,5669.505,4443.007,2574.401,1007.067,15849.499,2581.12,3831.391,3657.626,3157.038,1858.546,763.777,2332.22,1120.224,659.522,284.161,163.183,78.739,26.391,1410.32,613.291,419.626,185.689,116.602,56.671,18.441,921.9,506.933,239.896,98.473,46.581,22.067,7.95,25157.252,11426.845,3882.805,2459.598,1975.224,2121.965,3290.815,7690.254,4895.081,498.542,235.838,305.519,605.33,1149.943,17466.999,6531.765,3384.262,2223.76,1669.705,1516.635,2140.872,7134.423,1151.477,1821.735,1828.943,1399.67,728.939,203.659,4933.489,860.428,1332.963,1224.424,907.377,474.18,134.118,2200.933,291.05,488.772,604.519,492.293,254.759,69.541,3965.211,626.535,895.425,948.602,840.441,493.973,160.235,2648.652,489.609,626.482,589.133,506.427,331.035,105.966,1316.559,136.926,268.943,359.469,334.014,162.938,54.269
2016,10,41684.774,25247.969,2008.928,19848.246,3280.785,110.01,11520.843,1319.45,3596.511,41.654,68743.014,34473.583,34269.431,43724.359,26842.564,16881.795,41684.774,25537.515,16147.259,2039.586,1305.049,734.537,7510.063,5237.222,2272.841,63.606,77.864,49.262,95.335,95.138,95.649,4.665,4.862,4.351,18.016,20.508,14.076,68743.014,19788.615,15166.375,12204.482,9797.443,6665.209,5120.89,34473.583,10161.296,7746.902,6217.441,4913.219,3245.427,2189.299,34269.431,9627.319,7419.473,5987.041,4884.224,3419.782,2931.591,43724.359,8441.623,11394.838,9701.445,7758.263,4530.998,1897.192,26842.564,5358.89,7301.268,5947.418,4576.148,2612.105,1046.735,16881.795,3082.733,4093.569,3754.027,3182.115,1918.893,850.457,41684.774,7471.93,10781.347,9484.227,7615.729,4453.402,1878.139,25537.515,4762.394,6902.778,5804.507,4475.228,2557.917,1034.692,16147.259,2709.536,3878.569,3679.72,3140.501,1895.485,843.448,2039.586,969.693,613.491,217.218,142.534,77.596,19.053,1305.049,596.496,398.491,142.911,100.92,54.188,12.044,734.537,373.197,215.001,74.307,41.615,23.408,7.009,25018.654,11346.992,3771.538,2503.037,2039.18,2134.211,3223.698,7631.019,4802.406,445.634,270.023,337.071,633.322,1142.563,17387.636,6544.586,3325.904,2233.014,1702.109,1500.889,2081.134,7510.063,1200.907,2008.423,1858.065,1465.119,752.684,224.865,5237.222,904.535,1469.758,1266.87,975.859,486.381,133.819,2272.841,296.372,538.665,591.194,489.261,266.303,91.046,4153.007,632.539,981.651,986.499,876.801,504.466,171.051,2800.468,504.442,696.87,634.393,542.341,321.056,101.367,1352.539,128.098,284.782,352.106,334.46,183.41,69.684
2017,1,39347.397,24712.373,1905.454,19310.441,3377.342,119.136,10705.895,1461.015,2468.114,41.331,69413.616,34751.315,34662.301,42108.795,26436.842,15671.953,39347.397,24513.564,14833.834,2761.397,1923.279,838.119,6397.779,4491.944,1905.835,60.664,76.074,45.213,93.442,92.725,94.652,6.558,7.275,5.348,16.26,18.324,12.848,69413.616,19660.135,15495.649,12258.839,9891.013,6820.278,5287.702,34751.315,10097.221,7914.284,6209.573,4944.72,3317.126,2268.391,34662.301,9562.914,7581.365,6049.266,4946.292,3503.152,3019.311,42108.795,7807.549,11284.466,9393.577,7555.225,4405.068,1662.91,26436.842,5035.122,7374.936,5883.588,4579.058,2587.189,976.949,15671.953,2772.427,3909.53,3509.989,2976.167,1817.879,685.961,39347.397,6589.954,10466.351,9095.951,7309.936,4246.12,1639.084,24513.564,4259.515,6777.406,5664.216,4391.569,2464.714,956.143,14833.834,2330.44,3688.945,3431.735,2918.367,1781.406,682.941,2761.397,1217.595,818.115,297.626,245.288,158.948,23.826,1923.279,775.607,597.53,219.372,187.488,122.475,20.806,838.119,441.988,220.585,78.253,57.8,36.473,3.02,27304.822,11852.586,4211.183,2865.262,2335.788,2415.21,3624.792,8314.473,5062.099,539.348,325.985,365.663,729.937,1291.442,18990.348,6790.487,3671.835,2539.277,1970.125,1685.274,2333.351,6397.779,894.126,1765.467,1631.592,1244.851,669.092,192.651,4491.944,668.434,1316.154,1110.416,819.125,449.087,128.728,1905.835,225.693,449.312,521.176,425.726,220.005,63.923,3839.18,498.949,924.057,980.994,807.907,475.673,151.6,2648.186,393.387,696.574,620.636,522.33,314.629,100.629,1190.994,105.562,227.482,360.359,285.576,161.045,50.971
2017,4,40271.057,24699.11,1804.248,19639.647,3154.746,100.469,11369.558,1505.081,2697.308,40.336,69605.105,34803.782,34801.323,42713.789,26644.936,16068.853,40271.057,25087.982,15183.076,2442.732,1556.955,885.777,6468.486,4465.419,2003.067,61.366,76.558,46.173,94.281,94.157,94.488,5.719,5.843,5.512,16.062,17.799,13.193,69605.105,19746.29,15540.689,12290.092,9887.089,6833.606,5307.338,34803.782,10141.598,7925.082,6222.136,4912.328,3328.525,2274.112,34801.323,9604.692,7615.607,6067.956,4974.76,3505.081,3033.226,42713.789,8108.068,11386.972,9396.545,7647.451,4471.992,1702.762,26644.936,5169.621,7386.328,5940.784,4559.931,2600.462,987.81,16068.853,2938.446,4000.643,3455.761,3087.521,1871.53,714.952,40271.057,6898.866,10670.777,9158.063,7484.008,4373.382,1685.961,25087.982,4459.442,6927.859,5771.088,4432.877,2521.328,975.388,15183.076,2439.424,3742.918,3386.975,3051.132,1852.054,710.573,2442.732,1209.201,716.195,238.482,163.443,98.61,16.801,1556.955,710.179,458.469,169.696,127.054,79.134,12.422,885.777,499.022,257.726,68.786,36.389,19.476,4.379,26891.315,11638.223,4153.717,2893.547,2239.637,2361.614,3604.576,8158.845,4971.977,538.754,281.352,352.398,728.063,1286.302,18732.47,6666.246,3614.964,2612.195,1887.24,1633.551,2318.274,6468.486,984.398,1702.966,1621.034,1339.453,660.146,160.489,4465.419,743.29,1236.039,1113.135,853.609,410.18,109.165,2003.067,241.108,466.927,507.899,485.844,249.965,51.324,4026.807,599.942,945.963,1003.143,883.453,470.257,124.049,2723.385,464.526,682.849,659.887,543.025,290.258,82.84,1303.422,135.417,263.114,343.255,340.428,179.999,41.209
2017,7,40171.003,25555.076,1970.584,19977.982,3493.439,113.071,11129.495,1392.829,2093.603,42.164,70163.564,35135.639,35027.925,42544.319,26612.682,15931.637,40171.003,25092.95,15078.054,2373.316,1519.733,853.583,6541.05,4472.421,2068.629,60.636,75.743,45.483,94.422,94.289,94.642,5.578,5.711,5.358,16.283,17.823,13.719,70163.564,19840.834,15717.733,12386.942,10000.626,6883.704,5333.725,35135.639,10198.739,8016.854,6267.887,5016.906,3349.759,2285.494,35027.925,9642.095,7700.879,6119.055,4983.72,3533.945,3048.232,42544.319,7673.366,11531.854,9500.472,7662.521,4484.747,1691.359,26612.682,4937.022,7475.49,5965.853,4637.6,2640.784,955.933,15931.637,2736.344,4056.364,3534.619,3024.922,1843.963,735.426,40171.003,6504.021,10826.843,9252.758,7513.183,4396.988,1677.211,25092.95,4232.629,7017.963,5804.205,4525.369,2568.824,943.96,15078.054,2271.392,3808.88,3448.553,2987.814,1828.163,733.251,2373.316,1169.345,705.011,247.714,149.338,87.759,14.149,1519.733,704.393,457.527,161.648,112.231,71.96,11.973,853.583,464.952,247.484,86.066,37.107,15.8,2.175,27619.245,12167.469,4185.879,2886.47,2338.104,2398.957,3642.366,8522.957,5261.718,541.363,302.033,379.307,708.975,1329.561,19096.288,6905.751,3644.515,2584.437,1958.798,1689.982,2312.805,6541.05,963.761,1728.165,1644.477,1326.927,673.939,203.781,4472.421,725.603,1247.49,1087.04,869.572,408.431,134.286,2068.629,238.158,480.675,557.438,457.355,265.507,69.495,3439.553,462.865,786.196,832.399,761.788,438.038,158.267,2262.28,367.767,558.621,520.015,452.666,261.883,101.327,1177.273,95.098,227.575,312.384,309.122,176.154,56.94
2017,10,41546.509,25868.487,2017.935,20177.41,3527.919,145.223,11585.706,1604.121,2488.195,41.741,70380.458,35324.49,35055.968,43731.887,26975.146,16756.741,41546.509,25573.084,15973.424,2185.379,1402.062,783.317,6615.51,4432.895,2182.615,62.136,76.364,47.8,95.003,94.802,95.325,4.997,5.198,4.675,15.923,17.334,13.664,70380.458,19688.116,15713.427,12353.655,10093.388,7030.198,5501.674,35324.49,10134.437,8079.716,6266.162,5060.64,3416.767,2366.768,35055.968,9553.679,7633.711,6087.493,5032.748,3613.431,3134.906,43731.887,8085.731,11801.808,9652.155,7841.512,4592.17,1758.51,26975.146,5139.296,7550.278,5948.413,4683.801,2669.706,983.652,16756.741,2946.435,4251.53,3703.742,3157.711,1922.465,774.858,41546.509,7125.293,11169.972,9385.542,7634.761,4489.22,1741.72,25573.084,4551.457,7160.369,5765.036,4533.813,2588.096,974.314,15973.424,2573.837,4009.602,3620.507,3100.948,1901.124,767.406,2185.379,960.438,631.837,266.613,206.751,102.95,16.79,1402.062,587.84,389.909,183.377,149.988,81.61,9.338,783.317,372.598,241.928,83.236,56.763,21.34,7.452,26648.571,11602.385,3911.619,2701.5,2251.876,2438.027,3743.164,8349.344,4995.14,529.438,317.749,376.839,747.061,1383.116,18299.227,6607.244,3382.181,2383.751,1875.037,1690.966,2360.048,6615.51,991.053,1785.313,1635.507,1357.804,661.167,184.666,4432.895,706.337,1258.995,1086.318,853.955,414.05,113.24,2182.615,284.716,526.318,549.189,503.849,247.117,71.426,3652.181,497.551,823.02,886.031,866.718,430.836,148.024,2319.499,369.353,550.122,547.644,512.137,253.574,86.669,1332.682,128.198,272.899,338.387,354.581,177.262,61.355
2018,1,41755.035,25776.052,1916.207,20327.465,3395.872,136.508,11580.534,1505.901,2892.549,40.63,70896.896,35520.09,35376.806,44075.164,27279.886,16795.278,41755.035,25760.206,15994.829,2320.129,1519.68,800.45,7497.695,5215.025,2282.67,62.168,76.801,47.475,94.736,94.429,95.234,5.264,5.571,4.766,17.956,20.245,14.271,70896.896,19788.221,15890.781,12520.261,10077.331,7096.051,5524.251,35520.09,10191.199,8137.467,6328.873,5023.944,3465.696,2372.912,35376.806,9597.022,7753.315,6191.387,5053.387,3630.355,3151.339,44075.164,8016.86,11839.216,9853.082,7883.345,4643.992,1838.669,27279.886,5131.957,7637.032,6042.751,4674.456,2748.491,1045.199,16795.278,2884.903,4202.185,3810.331,3208.89,1895.5,793.47,41755.035,7013.783,11116.758,9559.911,7697.389,4542.811,1824.383,25760.206,4501.706,7178.934,5839.901,4535.888,2667.309,1036.468,15994.829,2512.076,3937.824,3720.01,3161.501,1875.502,787.915,2320.129,1003.077,722.459,293.171,185.956,101.181,14.286,1519.68,630.25,458.098,202.85,138.568,81.183,8.731,800.45,372.827,264.361,90.321,47.388,19.998,5.555,26821.732,11771.361,4051.565,2667.179,2193.986,2452.059,3685.582,8240.204,5059.242,500.435,286.122,349.488,717.204,1327.712,18581.527,6712.119,3551.13,2381.056,1844.498,1734.855,2357.87,7497.695,1088.279,1998.991,1876.319,1507.665,777.012,249.43,5215.025,808.691,1459.861,1295.319,1009.008,491.038,151.108,2282.67,279.587,539.131,580.999,498.657,285.974,98.322,4415.56,604.838,1022.247,1076.48,956.865,566.522,188.607,2947.046,463.884,716.059,695.027,597.511,355.003,119.561,1468.513,140.954,306.188,381.453,359.354,211.518,69.046
2018,4,40896.367,26079.367,1923.017,20559.013,3451.491,145.846,11139.868,1516.96,2160.172,41.973,71014.577,35589.896,35424.681,43257.02,26788.166,16468.854,40896.367,25307.191,15589.176,2360.653,1480.975,879.679,6935.005,4617.269,2317.736,60.913,75.269,46.49,94.543,94.472,94.659,5.457,5.528,5.341,16.958,18.245,14.868,71014.577,19866.276,15894.987,12530.222,10108.061,7072.893,5542.138,35589.896,10225.73,8152.633,6317.033,5065.702,3448.753,2380.046,35424.681,9640.546,7742.355,6213.189,5042.359,3624.141,3162.092,43257.02,7848.643,11707.687,9584.53,7778.667,4524.862,1812.632,26788.166,4933.923,7520.711,5949.013,4686.116,2686.09,1012.314,16468.854,2914.72,4186.976,3635.517,3092.551,1838.772,800.318,40896.367,6766.741,10994.128,9321.469,7600.815,4415.864,1797.35,25307.191,4301.011,7064.967,5765.404,4573.474,2600.665,1001.67,15589.176,2465.73,3929.161,3556.065,3027.341,1815.199,795.68,2360.653,1081.902,713.559,263.061,177.852,108.998,15.282,1480.975,632.912,455.744,183.609,112.642,85.425,10.644,879.679,448.991,257.815,79.452,65.21,23.574,4.638,27757.556,12017.633,4187.3,2945.692,2329.394,2548.031,3729.506,8801.73,5291.807,631.922,368.02,379.586,762.663,1367.732,18955.826,6725.826,3555.379,2577.672,1949.808,1785.368,2361.774,6935.005,1017.297,1863.421,1753.053,1375.41,701.944,223.88,4617.269,707.764,1320.824,1146.094,866.517,445.737,130.333,2317.736,309.534,542.597,606.959,508.892,256.207,93.548,3741.669,538.666,872.876,919.846,783.815,458.417,168.049,2411.607,384.947,607.717,565.091,471.924,281.842,100.086,1330.062,153.719,265.159,354.754,311.892,176.575,67.963
2018,7,40649.711,26563.511,2020.941,20733.076,3686.955,122.539,10653.595,1545.694,1886.912,43.012,71561.247,35876.359,35684.888,42978.974,26503.59,16475.384,40649.711,25081.407,15568.304,2329.264,1422.183,907.08,7002.838,4778.832,2224.006,60.059,73.875,46.169,94.58,94.634,94.494,5.42,5.366,5.506,17.227,19.053,14.285,71561.247,19976.748,16070.827,12613.154,10207.98,7126.661,5565.877,35876.359,10277.071,8219.901,6417.463,5099.798,3471.465,2390.661,35684.888,9699.677,7850.926,6195.69,5108.182,3655.196,3175.216,42978.974,7352.709,11635.776,9689.377,7834.314,4608.866,1857.932,26503.59,4615.245,7497.016,6011.597,4668.343,2687.839,1023.55,16475.384,2737.463,4138.76,3677.78,3165.971,1921.027,834.382,40649.711,6312.454,10916.387,9414.447,7656.736,4509.91,1839.776,25081.407,4025.202,7045.756,5844.546,4540.437,2614.418,1011.047,15568.304,2287.252,3870.631,3569.901,3116.299,1895.491,828.729,2329.264,1040.254,719.389,274.93,177.578,98.956,18.156,1422.183,590.043,451.26,167.051,127.906,73.421,12.503,907.08,450.211,268.129,107.88,49.672,25.536,5.653,28582.272,12624.04,4435.051,2923.776,2373.666,2517.795,3707.944,9372.769,5661.826,722.885,405.867,431.455,783.626,1367.111,19209.503,6962.214,3712.166,2517.91,1942.211,1734.169,2340.834,7002.838,930.727,1854.457,1784.803,1490.969,710.648,231.234,4778.832,681.615,1355.664,1225.547,955.844,420.847,139.313,2224.006,249.112,498.793,559.255,535.125,289.801,91.92,3295.825,434.872,760.781,799.993,733.297,423.317,143.564,2029.114,324.603,507.151,471.601,413.016,230.081,82.663,1266.712,110.27,253.63,328.393,320.281,193.237,60.901
2018,10,41325.026,26608.644,1920.228,20815.543,3762.323,110.55,10987.894,1389.001,2339.487,42.843,71884.788,36141.332,35743.457,43528.462,26949.789,16578.673,41325.026,25548.43,15776.596,2203.436,1401.359,802.077,5501.787,3777.614,1724.172,60.553,74.568,46.382,94.938,94.8,95.162,5.062,5.2,4.838,13.313,14.786,10.929,71884.788,19804.123,16097.628,12620.424,10292.857,7327.125,5742.633,36141.332,10202.856,8291.07,6416.55,5174.831,3581.79,2474.234,35743.457,9601.266,7806.557,6203.874,5118.026,3745.335,3268.398,43528.462,7368.485,11979.906,9849.313,7866.402,4689.135,1775.221,26949.789,4610.532,7708.236,6093.554,4790.986,2777.201,969.281,16578.673,2757.953,4271.67,3755.759,3075.416,1911.934,805.941,41325.026,6385.909,11313.002,9577.128,7700.633,4589.015,1759.338,25548.43,4029.431,7301.498,5901.73,4664.498,2695.824,955.449,15776.596,2356.479,4011.504,3675.398,3036.135,1893.19,803.889,2203.436,982.576,666.904,272.185,165.769,100.12,15.883,1401.359,581.101,406.738,191.824,126.488,81.376,13.831,802.077,401.475,260.166,80.361,39.281,18.743,2.052,28356.326,12435.637,4117.722,2771.111,2426.455,2637.99,3967.411,9191.543,5592.324,582.834,322.997,383.845,804.589,1504.954,19164.783,6843.313,3534.888,2448.114,2042.61,1833.401,2462.458,5501.787,741.102,1482.266,1362.557,1119.259,631.102,165.501,3777.614,555.376,1066.758,917.503,728.543,414.018,95.417,1724.172,185.726,415.507,445.054,390.716,217.085,70.084,3202.632,451.242,736.68,762.592,697.888,425.109,129.121,2083.259,338.353,492.229,482.18,428.641,267.831,74.025,1119.373,112.889,244.45,280.412,269.247,157.278,55.096
2019,1,40923.712,27090.559,1974.114,21276.137,3688.98,151.327,10621.24,1335.99,1875.924,43.355,71731.297,36035.5,35695.797,43209.273,26593.804,16615.469,40923.712,25120.131,15803.581,2285.561,1473.673,811.887,6309.59,4297.307,2012.284,60.238,73.799,46.547,94.71,94.459,95.114,5.29,5.541,4.886,15.418,17.107,12.733,71731.297,19803.614,16128.846,12809.329,10136.162,7153.456,5699.89,36035.5,10130.387,8333.059,6556.336,5096.842,3487.518,2431.359,35695.797,9673.227,7795.788,6252.993,5039.32,3665.938,3268.531,43209.273,7107.454,11901.938,9953.998,7763.564,4565.46,1916.859,26593.804,4413.59,7633.12,6136.504,4657.394,2688.284,1064.913,16615.469,2693.864,4268.817,3817.495,3106.17,1877.176,851.947,40923.712,6096.307,11209.226,9656.974,7587.554,4475.169,1898.484,25120.131,3773.306,7185.645,5956.701,4531.538,2623.171,1049.771,15803.581,2323.001,4023.581,3700.273,3056.016,1851.997,848.713,2285.561,1011.147,692.712,297.025,176.01,90.291,18.375,1473.673,640.284,447.476,179.803,125.857,65.112,15.142,811.887,370.863,245.236,117.222,50.154,25.179,3.234,28522.024,12696.16,4226.909,2855.33,2372.598,2587.996,3783.031,9441.696,5716.797,699.938,419.832,439.447,799.234,1366.447,19080.328,6979.363,3526.97,2435.498,1933.151,1788.762,2416.584,6309.59,888.284,1640.546,1609.613,1257.842,700.552,212.754,4297.307,628.088,1201.383,1099.781,809.329,438.117,120.608,2012.284,260.195,439.162,509.832,448.513,262.435,92.146,3261.662,456.543,753.395,794.655,678.539,423.667,154.862,2123.089,340.446,539.899,493.581,400.36,256.054,92.749,1138.573,116.097,213.496,301.074,278.179,167.613,62.113
2019,4,41769.92,26634.182,1790.928,20971.685,3767.066,104.504,11427.387,1122.824,2585.527,41.827,71793.644,36003.015,35790.629,44038.188,27104.567,16933.622,41769.92,25678.238,16091.682,2268.268,1426.328,841.94,5566.869,3817.13,1749.74,61.34,75.284,47.313,94.849,94.738,95.028,5.151,5.262,4.972,13.327,14.865,10.874,71793.644,19868.079,16026.7,12807.511,10162.301,7161.934,5767.119,36003.015,10163.431,8275.679,6531.437,5092.724,3480.344,2459.4,35790.629,9704.648,7751.021,6276.074,5069.577,3681.589,3307.719,44038.188,7732.075,11961.53,10056.734,7809.682,4589.613,1888.554,27104.567,4779.069,7655.587,6219.938,4701.659,2690.606,1057.707,16933.622,2953.006,4305.943,3836.795,3108.024,1899.006,830.847,41769.92,6733.729,11267.205,9767.621,7641.926,4493.943,1865.495,25678.238,4205.636,7207.867,6027.715,4576.772,2620.921,1039.327,16091.682,2528.093,4059.339,3739.906,3065.153,1873.022,826.168,2268.268,998.346,694.325,289.112,167.757,95.67,23.058,1426.328,573.434,447.72,192.223,124.886,69.685,18.38,841.94,424.913,246.605,96.889,42.87,25.985,4.679,27755.456,12136.004,4065.17,2750.777,2352.619,2572.321,3878.566,8898.449,5384.362,620.092,311.498,391.065,789.738,1401.693,18857.007,6751.642,3445.078,2439.279,1961.554,1782.583,2476.872,5566.869,792.515,1442.81,1383.916,1155.501,592.163,199.965,3817.13,582.978,1041.435,962.41,725.198,374.961,130.147,1749.74,209.537,401.375,421.506,430.303,217.202,69.817,3427.901,506.786,755.181,810.535,774.04,427.468,153.89,2220.74,370.556,513.949,529.146,447.691,261.363,98.036,1207.16,136.23,241.232,281.389,326.35,166.105,55.854
2019,7,42521.488,27171.798,1833.122,21377.174,3822.905,138.597,11532.174,1188.734,2628.782,41.782,72445.767,36384.013,36061.754,44958.832,27396.895,17561.937,42521.488,25922.448,16599.04,2437.344,1474.447,962.898,5798.555,3891.007,1907.548,62.059,75.299,48.7,94.579,94.618,94.517,5.421,5.382,5.483,13.637,15.01,11.492,72445.767,19912.502,16301.182,12871.4,10275.599,7251.114,5833.97,36384.013,10174.048,8399.674,6611.918,5172.174,3531.488,2494.711,36061.754,9738.454,7901.509,6259.482,5103.425,3719.626,3339.259,44958.832,7629.576,12287.429,10218.037,8027.483,4808.273,1988.033,27396.895,4725.304,7801.953,6260.556,4787.078,2732.931,1089.072,17561.937,2904.272,4485.476,3957.481,3240.405,2075.343,898.961,42521.488,6510.283,11483.998,9971.035,7870.989,4719.433,1965.75,25922.448,4093.012,7298.421,6104.006,4684.229,2670.616,1072.164,16599.04,2417.271,4185.577,3867.028,3186.76,2048.817,893.586,2437.344,1119.293,803.431,247.003,156.494,88.84,22.283,1474.447,632.292,503.533,156.55,102.849,62.315,16.907,962.898,487.001,299.899,90.452,53.644,26.526,5.376,27486.935,12282.925,4013.753,2653.363,2248.116,2442.84,3845.936,8987.118,5448.744,597.721,351.362,385.096,798.557,1405.639,18499.816,6834.182,3416.033,2302.002,1863.02,1644.283,2440.297,5798.555,734.481,1483.765,1519.326,1230.41,637.123,193.45,3891.007,531.022,1059.191,1014.581,785.417,384.632,116.164,1907.548,203.459,424.574,504.746,444.993,252.491,77.286,3592.615,458.544,857.575,885.884,782.284,460.13,148.198,2311.809,343.727,589.641,554.549,471.702,264.518,87.672,1280.806,114.817,267.934,331.335,310.581,195.613,60.526
2019,10,42536.931,27538.069,1653.143,21878.751,3874.087,132.088,11355.994,1230.297,2412.571,41.97,72603.129,36469.57,36133.558,44582.179,27323.694,17258.486,42536.931,26070.866,16466.065,2045.249,1252.828,792.421,5438.118,3707.261,1730.856,61.405,74.922,47.763,95.412,95.415,95.409,4.588,4.585,4.591,12.784,14.22,10.512,72603.129,19924.079,16214.9,12917.149,10299.828,7339.271,5907.903,36469.57,10191.166,8384.197,6597.726,5183.276,3584.381,2528.825,36133.558,9732.913,7830.703,6319.423,5116.552,3754.89,3379.078,44582.179,7391.26,12288.227,10186.199,8062.588,4794.931,1858.974,27323.694,4540.172,7789.386,6280.283,4858.04,2821.524,1034.29,17258.486,2851.088,4498.841,3905.917,3204.548,1973.407,824.684,42536.931,6434.757,11693.941,9943.18,7911.403,4709.323,1844.327,26070.866,3985.363,7423.76,6118.552,4760.134,2762.115,1020.941,16466.065,2449.394,4270.181,3824.628,3151.269,1947.208,823.386,2045.249,956.503,594.286,243.02,151.185,85.608,14.647,1252.828,554.809,365.626,161.731,97.906,59.409,13.348,792.421,401.695,228.661,81.289,53.279,26.199,1.298,28020.949,12532.819,3926.672,2730.949,2237.24,2544.339,4048.929,9145.877,5650.994,594.811,317.443,325.236,762.857,1494.535,18875.073,6881.825,3331.862,2413.506,1912.004,1781.482,2554.394,5438.118,699.081,1443.483,1419.982,1102.308,584.12,189.145,3707.261,510.287,1055.699,961.606,701.278,370.02,108.371,1730.856,188.794,387.784,458.375,401.03,214.099,80.774,3354.013,406.19,798.132,851.811,725.731,421.936,150.212,2192.517,304.792,569.731,530.439,439.211,266.413,81.931,1161.496,101.398,228.402,321.372,286.52,155.523,68.282
2020,1,42542.941,27756.613,1850.613,21894.002,3894.875,117.123,11134.669,1002.377,2649.282,41.328,72840.631,36570.623,36270.008,44934.226,27371.887,17562.339,42542.941,25859.698,16683.243,2391.285,1512.189,879.096,6298.904,4211.05,2087.854,61.688,74.847,48.421,94.678,94.475,94.994,5.322,5.525,5.006,14.806,16.284,12.515,72840.631,19957.729,16362.121,12897.138,10282.436,7367.33,5973.878,36570.623,10210.85,8449.034,6593.926,5164.865,3592.556,2559.392,36270.008,9746.879,7913.087,6303.211,5117.571,3774.774,3414.486,44934.226,7470.452,12378.909,10238.604,8107.18,4820.868,1918.214,27371.887,4592.33,7842.96,6288.225,4791.925,2796.033,1060.415,17562.339,2878.122,4535.949,3950.38,3315.254,2024.835,857.799,42542.941,6450.975,11612.652,9970.51,7905.507,4708.523,1894.775,25859.698,3974.356,7365.354,6113.035,4658.791,2707.957,1040.205,16683.243,2476.619,4247.298,3857.475,3246.716,2000.566,854.57,2391.285,1019.477,766.257,268.094,201.673,112.345,23.439,1512.189,617.973,477.606,175.189,133.134,88.076,20.21,879.096,401.503,288.651,92.905,68.539,24.269,3.228,27906.406,12487.277,3983.212,2658.534,2175.256,2546.461,4055.665,9198.736,5618.52,606.074,305.702,372.94,796.523,1498.977,18707.669,6868.757,3377.138,2352.832,1802.317,1749.938,2556.687,6298.904,806.834,1665.033,1603.628,1305.039,703.249,215.121,4211.05,576.13,1162.461,1067.178,836.705,435.535,133.041,2087.854,230.704,502.571,536.45,468.334,267.714,82.08,3799.271,493.798,876.108,941.288,840.964,478.037,169.076,2479.998,372.825,596.028,590.944,522.643,290.499,107.058,1319.273,120.973,280.079,350.344,318.321,187.538,62.018
2020,4,33830.212,21366.072,1558.847,16212.217,3496.311,98.697,9723.829,614.688,2125.623,34.969,73722.28,36957.004,36765.276,41058.333,25785.293,15273.039,33830.212,20943.933,12886.279,7228.121,4841.36,2386.76,6397.972,4369.6,2028.372,55.693,69.771,41.542,82.395,81.224,84.373,17.605,18.776,15.627,18.912,20.863,15.741,73722.28,20010.298,16666.29,13111.916,10460.71,7431.302,6041.764,36957.004,10236.519,8596.585,6668.624,5247.348,3619.111,2588.816,36765.276,9773.779,8069.705,6443.292,5213.362,3812.191,3452.948,41058.333,6485.126,11604.594,9486.485,7444.918,4432.334,1604.876,25785.293,4101.049,7497.839,5991.78,4572.743,2674.096,947.787,15273.039,2384.077,4106.755,3494.705,2872.175,1758.239,657.089,33830.212,4443.323,9324.166,8123.268,6537.07,3924.911,1477.474,20943.933,2841.309,5969.428,5030.453,3933.836,2300.171,868.736,12886.279,1602.014,3354.738,3092.815,2603.234,1624.74,608.738,7228.121,2041.803,2280.428,1363.217,907.848,507.423,127.402,4841.36,1259.74,1528.411,961.327,638.907,373.924,79.051,2386.76,782.063,752.017,401.89,268.94,133.499,48.351,32663.948,13525.171,5061.696,3625.431,3015.793,2998.968,4436.888,11171.711,6135.47,1098.746,676.844,674.605,945.016,1641.029,21492.237,7389.702,3962.95,2948.587,2341.187,2053.952,2795.859,6397.972,802.647,1705.853,1650.954,1320.867,703.151,214.5,4369.6,575.121,1199.132,1111.533,863.188,472.125,148.502,2028.372,227.526,506.721,539.421,457.679,231.026,65.997,5488.714,714.864,1478.321,1380.028,1120.14,606.943,188.417,3776.508,511.057,1037.687,941.263,747.779,406.742,131.981,1712.206,203.807,440.634,438.765,372.362,200.201,56.436
2020,7,41301.649,24965.142,1618.174,19471.292,3780.353,95.323,12093.266,1066.324,3176.917,38.177,74060.368,37193.63,36866.738,45870.704,27997.862,17872.842,41301.649,25207.795,16093.854,4569.054,2790.066,1778.988,7136.267,4797.804,2338.464,61.937,75.276,48.48,90.039,90.035,90.046,9.961,9.965,9.954,17.278,19.033,14.53,74060.368,19996.377,16705.106,13244.399,10505.196,7497.421,6111.87,37193.63,10229.751,8633.681,6769.775,5280.498,3656.607,2623.319,36866.738,9766.626,8071.425,6474.624,5224.698,3840.814,3488.551,45870.704,7777.793,12590.419,10509.008,8274.094,4814.933,1904.457,27997.862,4818.511,7969.38,6421.05,4902.179,2831.651,1055.09,17872.842,2959.282,4621.039,4087.958,3371.915,1983.282,849.367,41301.649,6039.128,11182.097,9870.411,7776.317,4578.852,1854.844,25207.795,3865.512,7059.363,6012.991,4596.043,2649.991,1023.895,16093.854,2173.616,4122.734,3857.42,3180.274,1928.862,830.949,4569.054,1738.666,1408.322,638.597,497.776,236.081,49.613,2790.066,953.0,910.017,408.059,306.136,181.66,31.195,1778.988,785.666,498.305,230.538,191.641,54.421,18.418,28189.665,12218.584,4114.687,2735.391,2231.102,2682.488,4207.413,9195.769,5411.24,664.301,348.724,378.319,824.956,1568.229,18993.896,6807.344,3450.386,2386.667,1852.783,1857.532,2639.184,7136.267,951.091,1910.671,1899.145,1413.371,740.775,221.215,4797.804,683.003,1301.264,1288.178,928.448,456.326,140.584,2338.464,268.088,609.407,610.966,484.922,284.449,80.631,5160.491,726.429,1303.024,1342.101,1034.488,575.256,179.193,3390.956,523.992,850.845,899.949,648.219,354.158,113.793,1769.535,202.437,452.179,442.151,386.269,221.098,65.4
2020,10,39836.564,24913.382,1581.624,19458.315,3776.957,96.486,11654.848,1295.616,1972.718,40.849,74306.579,37396.533,36910.046,43649.374,27044.295,16605.078,39836.564,24704.858,15131.706,3812.81,2339.437,1473.372,5747.34,3933.467,1813.873,58.742,72.318,44.988,91.265,91.35,91.127,8.735,8.65,8.873,14.427,15.922,11.987,74306.579,20051.783,16703.506,13215.851,10571.398,7584.133,6179.908,37396.533,10262.305,8634.428,6798.511,5333.843,3709.605,2657.841,36910.046,9789.478,8069.078,6417.34,5237.555,3874.528,3522.067,43649.374,6804.176,12241.277,10170.137,8018.96,4685.967,1728.858,27044.295,4202.397,7748.94,6402.449,4874.849,2788.465,1027.195,16605.078,2601.778,4492.336,3767.688,3144.111,1897.501,701.663,39836.564,5481.228,10989.205,9595.431,7634.29,4449.834,1686.577,24704.858,3414.484,7011.75,6031.391,4623.653,2626.834,996.747,15131.706,2066.744,3977.455,3564.04,3010.637,1823.0,689.83,3812.81,1322.948,1252.072,574.706,384.671,236.133,42.281,2339.437,787.913,737.191,371.058,251.196,161.631,30.448,1473.372,535.034,514.881,203.647,133.474,74.501,11.833,30657.206,13247.608,4462.229,3045.714,2552.438,2898.166,4451.05,10352.238,6059.908,885.487,396.061,458.994,921.14,1630.647,20304.968,7187.7,3576.742,2649.652,2093.444,1977.026,2820.404,5747.34,687.167,1595.903,1485.522,1229.255,593.065,156.428,3933.467,477.241,1133.442,1025.194,799.408,399.579,98.602,1813.873,209.926,462.461,460.328,429.846,193.486,57.826,3604.996,457.936,925.183,897.188,801.501,406.553,116.635,2414.757,326.817,636.345,611.821,493.49,273.983,72.301,1190.239,131.119,288.838,285.367,308.011,132.57,44.335
2021,1,41247.729,25902.461,1734.358,20214.764,3840.246,113.093,11795.584,1119.011,2430.674,39.314,74732.578,37532.909,37199.668,45211.636,27753.065,17458.571,41247.729,25323.004,15924.725,3963.907,2430.061,1533.846,6588.671,4453.531,2135.139,60.498,73.943,46.932,91.233,91.244,91.214,8.767,8.756,8.786,15.973,17.587,13.408,74732.578,20037.282,16937.74,13289.113,10594.715,7624.877,6248.851,37532.909,10251.152,8727.945,6796.512,5343.414,3724.241,2689.645,37199.668,9786.13,8209.795,6492.601,5251.301,3900.635,3559.206,45211.636,6958.144,12804.029,10448.641,8278.287,4835.782,1886.753,27753.065,4360.898,8048.939,6464.489,4941.442,2844.679,1092.618,17458.571,2597.246,4755.09,3984.152,3336.845,1991.103,794.135,41247.729,5579.615,11459.626,9856.837,7880.823,4637.3,1833.527,25323.004,3567.591,7216.167,6095.856,4686.292,2702.813,1054.286,15924.725,2012.024,4243.459,3760.981,3194.531,1934.488,779.241,3963.907,1378.529,1344.404,591.803,397.463,198.481,53.226,2430.061,793.307,832.772,368.632,255.15,141.866,38.333,1533.846,585.222,511.631,223.171,142.313,56.615,14.894,29520.942,13079.138,4133.711,2840.472,2316.428,2789.095,4362.098,9779.844,5890.254,679.006,332.023,401.972,879.562,1597.026,19741.098,7188.884,3454.705,2508.449,1914.456,1909.533,2765.071,6588.671,826.356,1763.756,1743.522,1321.203,726.128,207.705,4453.531,579.638,1247.714,1164.654,860.555,471.085,129.885,2135.139,246.719,516.042,578.867,460.649,255.043,77.82,4530.895,584.483,1120.115,1172.23,935.719,547.685,170.663,3026.686,416.003,788.027,764.259,599.309,348.887,110.202,1504.208,168.481,332.088,407.972,336.41,198.797,60.461
2021,2,43153.471,26727.496,1944.82,20550.164,4060.283,172.229,12487.234,930.045,3008.697,38.93,74603.143,37420.031,37183.112,47340.92,28424.286,18916.634,43153.471,26037.174,17116.296,4187.45,2387.112,1800.338,7850.421,5280.891,2569.53,63.457,75.96,50.874,91.155,91.602,90.483,8.845,8.398,9.517,18.192,20.282,15.012,74603.143,20074.199,16834.751,13245.056,10589.95,7320.37,6538.816,37420.031,10264.773,8653.349,6769.293,5317.114,3637.06,2778.442,37183.112,9809.426,8181.402,6475.763,5272.836,3683.31,3760.374,47340.92,7577.161,13130.237,10804.047,8520.735,5106.173,2202.567,28424.286,4666.218,8056.469,6476.456,5005.997,2961.825,1257.321,18916.634,2910.943,5073.768,4327.591,3514.738,2144.348,945.246,43153.471,6178.944,11765.687,10146.977,8109.359,4827.135,2125.368,26037.174,3854.606,7332.933,6111.307,4744.79,2786.14,1207.399,17116.296,2324.339,4432.754,4035.67,3364.568,2040.995,917.969,4187.45,1398.217,1364.55,657.071,411.377,279.038,77.198,2387.112,811.612,723.536,365.149,261.207,175.686,49.922,1800.338,586.604,641.013,291.921,150.17,103.353,27.277,27262.222,12497.038,3704.514,2441.009,2069.215,2214.197,4336.249,8995.744,5598.555,596.88,292.837,311.116,675.235,1521.122,18266.478,6898.483,3107.634,2148.172,1758.099,1538.962,2815.128,7850.421,937.168,2017.816,2120.308,1556.75,912.826,305.552,5280.891,657.944,1395.177,1389.223,1016.761,626.244,195.542,2569.53,279.224,622.639,731.086,539.989,286.582,110.01,5385.476,678.893,1249.355,1391.634,1100.514,691.89,273.19,3554.013,470.89,869.617,912.325,669.625,455.283,176.274,1831.463,208.003,379.738,479.309,430.889,236.607,96.916
2021,3,45331.551,28089.558,1865.201,22228.033,3837.881,158.443,12796.537,796.471,3648.986,39.721,75029.461,37714.042,37315.419,48772.06,28946.481,19825.58,45331.551,27044.21,18287.341,3440.51,1902.271,1538.239,7335.315,4882.648,2452.667,65.004,76.753,53.13,92.946,93.428,92.241,7.054,6.572,7.759,16.181,18.054,13.412,75029.461,20067.465,17063.552,13334.08,10599.862,7666.28,6298.221,37714.042,10254.054,8819.152,6840.054,5336.191,3752.742,2711.849,37315.419,9813.412,8244.401,6494.027,5263.67,3913.537,3586.372,48772.06,8037.157,13716.892,10845.685,8635.194,5247.043,2290.089,28946.481,4842.578,8305.901,6535.724,4928.444,3007.413,1326.421,19825.58,3194.58,5410.99,4309.961,3706.75,2239.63,963.668,45331.551,6797.147,12537.175,10407.14,8272.249,5069.879,2247.961,27044.21,4190.067,7642.98,6299.512,4704.08,2906.944,1300.628,18287.341,2607.079,4894.196,4107.628,3568.169,2162.935,947.334,3440.51,1240.011,1179.716,438.545,362.945,177.164,42.128,1902.271,652.51,662.922,236.212,224.364,100.469,25.793,1538.239,587.5,516.795,202.333,138.581,76.695,16.334,26257.4,12030.308,3346.661,2488.395,1964.667,2419.236,4008.132,8767.561,5411.476,513.25,304.33,407.747,745.33,1385.428,17489.839,6618.832,2833.41,2184.066,1556.92,1673.907,2622.704,7335.315,936.911,2106.366,1728.982,1427.561,858.015,277.481,4882.648,666.505,1432.447,1173.504,899.188,528.746,182.259,2452.667,270.406,673.919,555.477,528.373,329.269,95.222,4928.233,640.373,1263.87,1173.297,1009.76,615.536,225.398,3248.208,471.2,843.044,780.724,627.791,381.633,143.816,1680.024,169.172,420.826,392.573,381.968,233.903,81.582
2021,4,43268.969,26399.614,1787.293,20486.368,3966.233,159.72,12312.003,1133.324,3424.027,38.033,74970.515,37636.15,37334.364,47406.825,28212.044,19194.78,43268.969,25826.97,17441.999,4137.856,2385.074,1752.781,7452.63,4904.136,2548.493,63.234,74.96,51.413,91.272,91.546,90.868,8.728,8.454,9.132,17.224,18.988,14.611,74970.515,20075.028,16951.446,13317.102,10637.785,7670.137,6319.016,37636.15,10271.168,8741.446,6808.094,5347.824,3746.102,2721.517,37334.364,9803.86,8210.0,6509.009,5289.962,3924.035,3597.5,47406.825,7670.876,13277.979,10784.993,8492.379,5092.229,2088.369,28212.044,4681.817,8072.75,6452.238,4936.846,2892.415,1175.979,19194.78,2989.059,5205.229,4332.755,3555.533,2199.815,912.39,43268.969,6462.562,11864.529,10063.956,7996.827,4844.188,2036.907,25826.97,4018.877,7280.246,6021.097,4641.432,2723.923,1141.395,17441.999,2443.685,4584.282,4042.859,3355.395,2120.266,895.512,4137.856,1208.314,1413.45,721.037,495.552,248.041,51.462,2385.074,662.94,792.504,431.141,295.413,168.492,34.585,1752.781,545.374,620.947,289.896,200.138,79.549,16.877,27563.69,12404.152,3673.467,2532.109,2145.407,2577.908,4230.647,9424.106,5589.351,668.696,355.856,410.978,853.687,1545.537,18139.584,6814.801,3004.771,2176.254,1734.428,1724.221,2685.11,7452.63,1001.999,2044.772,1936.783,1507.355,736.961,224.76,4904.136,694.977,1361.218,1276.74,979.09,466.474,125.638,2548.493,307.022,683.554,660.043,528.265,270.487,99.122,5330.562,751.845,1406.889,1363.794,1060.425,561.643,185.965,3440.245,519.732,914.521,874.733,682.233,344.669,104.356,1890.317,232.112,492.368,489.061,378.192,216.974,81.609
2021,5,44716.897,27647.384,1915.599,21213.48,4338.519,179.786,12727.699,761.058,3580.756,39.033,75043.52,37683.35,37360.169,48456.204,28697.711,19758.492,44716.897,26468.923,18247.974,3739.307,2228.788,1510.519,5490.923,3722.113,1768.811,64.571,76.155,52.887,92.283,92.234,92.355,7.717,7.766,7.645,12.279,14.062,9.693,75043.52,20093.819,16990.37,13322.298,10567.991,7724.909,6344.133,37683.35,10272.174,8763.353,6805.52,5315.699,3793.292,2733.312,37360.169,9821.645,8227.016,6516.778,5252.292,3931.617,3610.821,48456.204,7725.965,13549.998,10907.858,8645.156,5384.346,2242.881,28697.711,4736.852,8172.82,6548.648,4969.46,3040.767,1229.164,19758.492,2989.113,5377.178,4359.209,3675.695,2343.578,1013.717,44716.897,6608.319,12204.37,10440.822,8154.739,5133.542,2175.105,26468.923,4086.525,7406.321,6270.718,4655.89,2861.615,1187.853,18247.974,2521.794,4798.049,4170.104,3498.848,2271.927,987.252,3739.307,1117.647,1345.629,467.035,490.417,250.803,67.776,2228.788,650.327,766.499,277.93,313.57,179.152,41.311,1510.519,467.32,579.13,189.105,176.847,71.651,26.465,26587.316,12367.854,3440.371,2414.44,1922.836,2340.563,4101.252,8985.639,5535.323,590.533,256.872,346.239,752.525,1504.148,17601.677,6832.532,2849.838,2157.568,1576.597,1588.039,2597.104,5490.923,659.081,1434.601,1396.231,1199.678,599.781,201.551,3722.113,464.798,1002.583,948.847,820.768,347.067,138.051,1768.811,194.283,432.018,447.383,378.911,252.715,63.501,3967.713,494.354,909.96,1039.04,907.704,459.02,157.635,2685.59,353.522,634.756,690.117,611.699,278.261,117.236,1282.123,140.832,275.204,348.923,296.005,180.759,40.399
2021,6,45075.633,27294.488,1774.23,21145.278,4216.87,158.11,12819.943,1019.681,3941.521,38.973,75089.036,37694.287,37394.749,48846.06,28764.676,20081.384,45075.633,26801.518,18274.115,3770.428,1963.158,1807.269,6409.69,4148.729,2260.96,65.051,76.31,53.701,92.281,93.175,91.0,7.719,6.825,9.0,14.22,15.479,12.372,75089.036,20069.076,16909.478,13393.196,10637.187,7716.321,6363.779,37694.287,10278.299,8725.702,6826.097,5359.437,3760.517,2744.235,37394.749,9790.777,8183.776,6567.099,5277.75,3955.803,3619.544,48846.06,7989.848,13457.05,11090.115,8680.542,5304.683,2323.822,28764.676,4867.293,8144.733,6468.141,5028.496,3006.619,1249.394,20081.384,3122.555,5312.317,4621.974,3652.046,2298.064,1074.428,45075.633,6830.854,12126.703,10469.924,8279.365,5100.221,2268.565,26801.518,4281.169,7453.44,6158.402,4803.397,2885.832,1219.279,18274.115,2549.685,4673.263,4311.522,3475.969,2214.389,1049.287,3770.428,1158.994,1330.348,620.19,401.177,204.462,55.257,1963.158,586.124,691.294,309.739,225.099,120.787,30.115,1807.269,572.87,639.054,310.452,176.078,83.675,25.141,26242.975,12079.227,3452.428,2303.081,1956.645,2411.637,4039.957,8929.61,5411.006,580.968,357.956,330.941,753.898,1494.841,17313.365,6668.221,2871.459,1945.126,1625.704,1657.739,2545.116,6409.69,919.056,1723.39,1523.688,1328.607,676.835,238.114,4148.729,658.729,1131.439,931.578,860.318,442.317,124.347,2260.96,260.327,591.95,592.11,468.288,234.518,113.767,4412.073,681.653,1059.739,1044.468,923.155,495.834,207.223,2868.731,514.489,708.048,629.82,578.416,328.852,109.107,1543.342,167.165,351.691,414.648,344.739,166.983,98.117
2021,7,41670.982,27957.113,1733.799,22082.337,4020.828,120.149,10909.961,1245.849,1558.06,41.699,75574.194,37941.268,37632.925,44900.365,27293.193,17607.172,41670.982,25452.736,16218.246,3229.383,1840.457,1388.925,8769.021,5840.019,2929.002,59.412,71.935,46.787,92.808,93.257,92.112,7.192,6.743,7.888,21.043,22.945,18.06,75574.194,20096.657,17145.107,13470.942,10716.121,7759.333,6386.034,37941.268,10284.343,8834.215,6896.92,5385.775,3787.711,2752.304,37632.925,9812.314,8310.891,6574.022,5330.346,3971.622,3633.731,44900.365,6556.594,12819.903,10526.467,8211.167,4870.862,1915.372,27293.193,4094.705,7935.517,6433.696,4887.686,2853.486,1088.103,17607.172,2461.889,4884.386,4092.771,3323.48,2017.377,827.269,41670.982,5513.098,11734.61,10026.052,7862.699,4665.067,1869.456,25452.736,3493.953,7324.971,6164.938,4688.32,2721.98,1058.574,16218.246,2019.146,4409.638,3861.114,3174.379,1943.088,810.882,3229.383,1043.496,1085.293,500.415,348.468,205.795,45.915,1840.457,600.752,610.545,268.759,199.366,131.506,29.529,1388.925,442.743,474.748,231.657,149.102,74.289,16.386,30673.829,13540.062,4325.204,2944.475,2504.954,2888.471,4470.663,10648.075,6189.638,898.699,463.224,498.089,934.225,1664.201,20025.754,7350.424,3426.506,2481.251,2006.865,1954.246,2806.462,8769.021,1042.974,2462.661,2277.128,1820.077,899.498,266.683,5840.019,733.529,1677.048,1519.46,1174.654,577.787,157.541,2929.002,309.444,785.613,757.668,645.423,321.71,109.143,4588.373,588.155,1152.732,1131.804,994.484,543.496,177.702,2938.34,414.914,754.794,712.054,610.637,339.688,106.253,1650.033,173.241,397.938,419.75,383.846,203.808,71.45
2021,8,44231.042,27292.802,1894.546,21362.684,3823.517,212.055,12641.281,1022.98,3273.979,39.603,75609.524,37954.649,37654.876,48113.089,28757.216,19355.873,44231.042,26485.806,17745.236,3882.047,2271.41,1610.637,6482.352,4379.726,2102.627,63.634,75.767,51.403,91.931,92.101,91.679,8.069,7.899,8.321,14.656,16.536,11.849,75609.524,20107.242,17147.684,13412.016,10734.923,7794.922,6412.736,37954.649,10285.056,8848.262,6868.034,5371.933,3815.609,2765.755,37654.876,9822.186,8299.422,6543.982,5362.99,3979.313,3646.981,48113.089,7602.621,13367.113,10945.58,8625.717,5305.046,2267.013,28757.216,4696.871,8197.819,6514.632,5009.57,3062.612,1275.713,19355.873,2905.75,5169.294,4430.948,3616.147,2242.434,991.3,44231.042,6383.772,12092.626,10286.09,8184.69,5072.075,2211.79,26485.806,3939.733,7495.866,6151.684,4734.874,2923.843,1239.806,17745.236,2444.038,4596.759,4134.407,3449.816,2148.232,971.984,3882.047,1218.849,1274.487,659.49,441.028,232.971,55.223,2271.41,757.137,701.952,362.948,274.696,138.77,35.907,1610.637,461.712,572.535,296.541,166.331,94.201,19.316,27496.435,12504.622,3780.571,2466.436,2109.206,2489.876,4145.724,9197.433,5588.186,650.443,353.402,362.363,752.997,1490.042,18299.002,6916.436,3130.128,2113.034,1746.843,1736.88,2655.681,6482.352,821.756,1853.668,1503.779,1313.779,750.751,238.62,4379.726,569.861,1253.897,1039.118,841.039,527.668,148.142,2102.627,251.895,599.771,464.661,472.74,223.082,90.478,4616.463,594.107,1268.87,1007.288,959.474,597.605,189.118,3089.107,416.083,827.912,687.794,615.293,424.824,117.2,1527.356,178.025,440.958,319.494,344.181,172.781,71.918
2021,9,43592.928,27367.066,1923.116,21244.896,4059.769,139.285,12237.994,944.351,3043.517,40.155,75570.22,37910.102,37660.118,47872.598,28627.013,19245.585,43592.928,26224.637,17368.291,4279.671,2402.376,1877.295,6182.632,4157.409,2025.223,63.348,75.513,51.103,91.06,91.608,90.246,8.94,8.392,9.754,14.183,15.853,11.66,75570.22,20119.736,17194.938,13326.441,10711.903,7787.938,6429.264,37910.102,10297.826,8846.981,6792.416,5397.578,3805.449,2769.851,37660.118,9821.909,8347.957,6534.024,5314.325,3982.489,3659.413,47872.598,7197.868,13728.323,10678.93,8687.816,5397.4,2182.261,28627.013,4483.194,8367.598,6433.848,5037.788,3092.863,1211.722,19245.585,2714.674,5360.725,4245.082,3650.028,2304.537,970.539,43592.928,5924.604,12240.738,10050.87,8172.645,5065.726,2138.344,26224.637,3717.517,7561.276,6127.74,4756.14,2877.65,1184.315,17368.291,2207.087,4679.462,3923.131,3416.505,2188.077,954.028,4279.671,1273.264,1487.585,628.06,515.171,331.674,43.917,2402.376,765.677,806.323,306.108,281.648,215.213,27.407,1877.295,507.587,681.262,321.952,233.523,116.46,16.511,27697.621,12921.867,3466.615,2647.511,2024.087,2390.538,4247.003,9283.089,5814.632,479.383,358.569,359.79,712.586,1558.129,18414.532,7107.235,2987.232,2288.942,1664.297,1677.952,2688.874,6182.632,759.851,1656.052,1520.727,1292.077,735.993,217.934,4157.409,512.203,1112.057,1007.859,887.689,509.469,128.132,2025.223,247.647,543.995,512.868,404.387,226.524,89.802,4415.168,527.917,1155.698,1032.94,944.35,575.297,178.966,2930.639,354.808,786.825,652.286,630.909,398.925,106.886,1484.529,173.109,368.873,380.654,313.442,176.372,72.08
2021,10,43821.554,27386.172,1820.893,21269.45,4127.964,167.865,11894.089,1352.186,3189.107,39.741,75566.851,38027.352,37539.498,47325.492,28483.346,18842.146,43821.554,26422.491,17399.063,3503.938,2060.855,1443.083,7043.587,4764.409,2279.178,62.627,74.902,50.193,92.596,92.765,92.341,7.404,7.235,7.659,16.073,18.032,13.099,75566.851,20103.748,17036.343,13445.102,10714.062,7814.315,6453.281,38027.352,10288.043,8824.479,6909.564,5406.676,3817.319,2781.272,37539.498,9815.706,8211.864,6535.539,5307.385,3996.996,3672.009,47325.492,7182.984,13316.821,10841.528,8579.709,5247.947,2156.503,28483.346,4484.376,8196.539,6590.824,4996.6,3017.67,1197.337,18842.146,2698.609,5120.281,4250.703,3583.11,2230.277,959.166,43821.554,6096.957,12158.006,10261.976,8181.138,5007.04,2116.438,26422.491,3834.515,7542.011,6255.635,4755.086,2859.804,1175.44,17399.063,2262.443,4615.994,4006.341,3426.051,2147.235,940.998,3503.938,1086.027,1158.815,579.551,398.572,240.908,40.065,2060.855,649.861,654.528,335.189,241.514,157.865,21.897,1443.083,436.166,504.287,244.362,157.058,83.042,18.168,28241.359,12920.764,3719.522,2603.575,2134.352,2566.368,4296.778,9544.007,5803.667,627.939,318.739,410.077,799.65,1583.935,18697.353,7117.097,3091.583,2284.835,1724.276,1766.719,2712.843,7043.587,888.88,1916.026,1831.582,1415.44,778.063,213.596,4764.409,641.393,1340.725,1262.529,894.613,497.111,128.037,2279.178,247.487,575.301,569.052,520.827,280.952,85.559,4707.266,603.738,1182.047,1194.185,970.408,591.154,165.734,3151.078,455.769,816.41,803.678,593.402,380.918,100.902,1556.188,147.969,365.637,390.508,377.007,210.236,64.833
2021,11,45474.286,28151.746,2118.906,21437.8,4387.995,207.045,12617.164,1044.016,3661.36,39.55,75700.707,38034.415,37666.292,48634.296,28955.364,19678.932,45474.286,27105.524,18368.762,3160.01,1849.84,1310.17,7617.748,4972.1,2645.648,64.245,76.129,52.245,93.503,93.611,93.342,6.497,6.389,6.658,16.752,18.343,14.403,75700.707,20092.121,17086.268,13504.037,10719.712,7843.732,6454.837,38034.415,10271.046,8868.524,6903.801,5385.501,3835.397,2770.146,37666.292,9821.076,8217.744,6600.237,5334.211,4008.334,3684.691,48634.296,7529.544,13556.544,11087.018,8739.488,5435.276,2286.427,28955.364,4679.637,8289.386,6593.612,5012.973,3089.128,1290.628,19678.932,2849.907,5267.158,4493.406,3726.515,2346.148,995.798,45474.286,6522.189,12559.661,10539.905,8372.922,5220.422,2259.187,27105.524,4114.99,7703.084,6255.907,4793.347,2972.941,1265.256,18368.762,2407.199,4856.577,4283.998,3579.574,2247.481,993.932,3160.01,1007.355,996.882,547.113,366.566,214.854,27.239,1849.84,564.647,586.302,337.705,219.626,116.187,25.373,1310.17,442.708,410.58,209.408,146.94,98.667,1.867,27066.411,12562.577,3529.724,2417.019,1980.224,2408.455,4168.411,9079.051,5591.409,579.138,310.189,372.528,746.269,1479.518,17987.36,6971.169,2950.586,2106.83,1607.696,1662.186,2688.893,7617.748,1085.834,2029.473,1846.155,1528.372,845.553,282.361,4972.1,745.997,1431.176,1193.298,853.397,559.27,188.962,2645.648,339.837,598.298,652.856,674.975,286.284,93.398,5242.657,759.512,1204.753,1278.359,1120.259,649.27,230.503,3350.345,515.999,853.967,769.411,612.465,442.823,155.68,1892.311,243.514,350.786,508.948,507.793,206.447,74.823
2021,12,46274.469,28235.637,1893.254,21810.273,4377.921,154.189,12987.121,1186.763,3864.948,39.652,76123.301,38204.302,37918.999,49558.171,29061.609,20496.562,46274.469,27212.355,19062.114,3283.702,1849.254,1434.448,6811.001,4539.84,2271.161,65.102,76.069,54.054,93.374,93.637,93.002,6.626,6.363,6.998,14.719,16.683,11.915,76123.301,20122.16,17203.491,13635.862,10787.626,7868.552,6505.611,38204.302,10300.456,8847.206,6989.491,5416.744,3841.54,2808.865,37918.999,9821.704,8356.284,6646.371,5370.881,4027.013,3696.746,49558.171,7397.019,13916.92,11333.406,8903.759,5642.794,2364.272,29061.609,4550.031,8316.458,6714.376,5110.17,3127.244,1243.33,20496.562,2846.988,5600.461,4619.03,3793.589,2515.55,1120.942,46274.469,6445.249,12802.982,10812.84,8519.49,5398.303,2295.605,27212.355,4038.136,7652.331,6439.702,4887.715,2983.374,1211.097,19062.114,2407.112,5150.651,4373.138,3631.775,2414.93,1084.508,3283.702,951.77,1113.938,520.566,384.27,244.491,68.667,1849.254,511.895,664.127,274.674,222.456,143.87,32.233,1434.448,439.876,449.81,245.893,161.814,100.621,36.435,26565.13,12725.14,3286.571,2302.455,1883.866,2225.759,4141.339,9142.693,5750.424,530.748,275.115,306.574,714.296,1565.535,17422.437,6974.716,2755.823,2027.34,1577.292,1511.463,2575.804,6811.001,728.263,1916.943,1745.061,1373.048,803.118,244.569,4539.84,534.156,1279.362,1224.436,861.429,501.732,138.724,2271.161,194.107,637.581,520.625,511.619,301.385,105.845,4555.76,444.41,1198.138,1153.348,928.313,629.551,202.0,2984.873,308.645,813.085,789.613,547.352,398.783,127.395,1570.887,135.765,385.054,363.735,380.96,230.768,74.605
2022,1,43264.382,28412.894,1816.521,22321.736,4114.715,159.923,11481.373,1232.503,2137.612,41.798,76346.964,38298.819,38048.145,46216.843,27899.947,18316.896,43264.382,26192.659,17071.723,2952.462,1707.288,1245.173,6431.48,4296.044,2135.436,60.535,72.848,48.141,93.612,93.881,93.202,6.388,6.119,6.798,14.866,16.402,12.509,76346.964,20125.926,17349.219,13620.593,10832.385,7892.607,6526.233,38298.819,10300.135,8928.645,6953.302,5443.611,3855.176,2817.95,38048.145,9825.791,8420.574,6667.292,5388.774,4037.431,3708.283,46216.843,6443.115,13255.13,10816.013,8516.736,5108.988,2076.862,27899.947,4099.218,8106.645,6537.244,4999.646,2973.424,1183.77,18316.896,2343.897,5148.484,4278.769,3517.09,2135.565,893.091,43264.382,5554.13,12208.949,10376.204,8179.178,4911.498,2034.422,26192.659,3564.543,7518.274,6302.287,4813.221,2841.575,1152.759,17071.723,1989.587,4690.675,4073.917,3365.957,2069.922,881.664,2952.462,888.985,1046.18,439.809,337.557,197.491,42.439,1707.288,534.675,588.371,234.958,186.425,131.848,31.012,1245.173,354.31,457.809,204.852,151.132,65.642,11.428,30130.12,13682.811,4094.089,2804.58,2315.649,2783.619,4449.372,10398.872,6200.918,821.999,416.057,443.966,881.752,1634.18,19731.249,7481.894,3272.09,2388.523,1871.684,1901.866,2815.192,6431.48,705.305,1763.691,1682.416,1361.97,711.123,206.975,4296.044,510.154,1217.882,1126.203,864.94,452.944,123.921,2135.436,195.151,545.81,556.213,497.03,258.179,83.054,3869.127,451.27,955.255,967.528,850.944,487.51,156.619,2490.239,333.216,637.417,609.191,517.185,299.998,93.232,1378.887,118.054,317.838,358.337,333.759,187.512,63.387
2022,2,45480.024,27869.934,1911.188,21584.266,4189.369,185.11,13288.257,908.14,3413.693,40.839,76153.76,38308.93,37844.83,48606.066,28993.624,19612.442,45480.024,27285.647,18194.377,3126.042,1707.977,1418.065,6381.934,4157.734,2224.2,63.826,75.684,51.823,93.569,94.109,92.77,6.431,5.891,7.23,14.032,15.238,12.225,76153.76,20145.276,17243.569,13541.153,10801.73,7881.051,6540.981,38308.93,10315.282,8882.033,6965.111,5461.484,3865.732,2819.288,37844.83,9829.994,8361.537,6576.042,5340.246,4015.319,3721.693,48606.066,7230.276,13643.526,11157.419,8791.928,5506.254,2276.663,28993.624,4612.803,8284.02,6636.936,5096.208,3132.768,1230.888,19612.442,2617.473,5359.505,4520.484,3695.72,2373.486,1045.775,45480.024,6198.492,12543.049,10665.007,8497.035,5349.051,2227.39,27285.647,4053.319,7656.32,6411.19,4929.707,3021.051,1214.058,18194.377,2145.173,4886.729,4253.817,3567.328,2327.999,1013.331,3126.042,1031.784,1100.477,492.412,294.893,157.204,49.273,1707.977,559.484,627.7,225.745,166.501,111.717,16.83,1418.065,472.3,472.777,266.667,128.392,45.487,32.443,27547.694,12915.0,3600.044,2383.733,2009.802,2374.797,4264.318,9315.306,5702.479,598.013,328.175,365.276,732.964,1588.4,18232.388,7212.522,3002.031,2055.558,1644.526,1641.834,2675.918,6381.934,837.542,1545.291,1667.86,1382.345,755.095,193.801,4157.734,547.89,1045.869,1125.154,829.347,485.653,123.822,2224.2,289.652,499.422,542.707,552.997,269.442,69.979,4191.029,557.501,945.956,1054.67,943.133,543.007,146.762,2692.403,401.512,668.715,643.646,546.945,341.013,90.573,1498.626,155.989,277.241,411.024,396.188,201.994,56.19
2022,3,46975.031,28912.128,1815.557,22471.903,4428.356,196.312,13101.731,1060.476,3900.696,40.56,76256.184,38296.946,37959.238,49852.471,29470.737,20381.734,46975.031,27900.418,19074.612,2877.44,1570.318,1307.122,7421.702,4882.827,2538.875,65.375,76.953,53.694,94.228,94.672,93.587,5.772,5.328,6.413,15.799,17.501,13.31,76256.184,20137.654,17243.175,13615.218,10789.003,7897.41,6573.723,38296.946,10309.888,8916.8,6961.392,5420.472,3847.643,2840.752,37959.238,9827.766,8326.376,6653.826,5368.531,4049.768,3732.971,49852.471,7436.692,14021.701,11237.422,8925.022,5617.88,2613.755,29470.737,4654.886,8435.234,6709.224,5080.59,3163.82,1426.983,20381.734,2781.806,5586.467,4528.197,3844.433,2454.06,1186.772,46975.031,6593.585,12998.136,10774.152,8614.283,5422.838,2572.036,27900.418,4177.415,7879.761,6460.191,4915.308,3051.622,1416.121,19074.612,2416.171,5118.375,4313.961,3698.975,2371.215,1155.916,2877.44,843.107,1023.565,463.269,310.739,195.042,41.718,1570.318,477.471,555.473,249.033,165.282,112.197,10.862,1307.122,365.635,468.092,214.236,145.458,82.845,30.856,26403.713,12700.962,3221.474,2377.797,1863.981,2279.531,3959.968,8826.21,5655.002,481.566,252.168,339.882,683.823,1413.769,17577.503,7045.959,2739.909,2125.629,1524.099,1595.708,2546.199,7421.702,879.652,2002.68,1866.081,1500.573,856.459,316.258,4882.827,628.768,1301.648,1208.976,992.858,538.559,212.019,2538.875,250.884,701.032,657.105,507.715,317.9,104.239,4810.074,569.047,1130.045,1148.93,1037.1,646.232,278.719,3053.573,424.19,684.645,718.325,648.629,396.759,181.025,1756.501,144.857,445.4,430.605,388.471,249.473,97.694
2022,4,45630.306,28674.652,1864.073,22513.035,4149.929,147.617,12574.986,1154.185,3226.483,40.134,76373.891,38340.994,38032.897,48393.624,28793.989,19599.635,45630.306,27144.061,18486.245,2763.318,1649.928,1113.39,6398.617,4179.608,2219.01,63.364,75.1,51.533,94.29,94.27,94.319,5.71,5.73,5.681,14.023,15.398,12.004,76373.891,20121.204,17299.63,13618.393,10834.088,7912.642,6587.934,38340.994,10301.225,8927.861,6949.717,5446.665,3868.959,2846.568,38032.897,9819.979,8371.769,6668.677,5387.423,4043.683,3741.366,48393.624,7004.108,13735.013,11072.702,8740.841,5464.399,2376.562,28793.989,4339.438,8330.513,6629.199,5054.778,3116.208,1323.853,19599.635,2664.67,5404.5,4443.502,3686.063,2348.191,1052.709,45630.306,6142.812,12738.047,10643.109,8448.21,5313.71,2344.418,27144.061,3813.141,7760.807,6390.384,4864.141,3011.502,1304.087,18486.245,2329.671,4977.241,4252.725,3584.069,2302.208,1040.33,2763.318,861.296,996.966,429.593,292.63,150.689,32.145,1649.928,526.297,569.706,238.816,190.637,104.706,19.766,1113.39,334.999,427.259,190.777,101.993,45.983,12.379,27980.267,13117.096,3564.617,2545.692,2093.247,2448.243,4211.372,9547.005,5961.788,597.347,320.517,391.887,752.751,1522.715,18433.262,7155.308,2967.269,2225.174,1701.36,1695.493,2688.657,6398.617,702.877,1760.637,1725.012,1255.555,746.414,208.123,4179.608,511.146,1167.145,1103.352,796.374,471.265,130.326,2219.01,191.731,593.492,621.66,459.18,275.149,77.797,4217.391,499.008,1009.733,1158.621,833.847,551.736,164.446,2684.933,373.836,658.649,718.156,501.449,332.325,100.518,1532.459,125.172,351.084,440.465,332.399,219.412,63.928
2022,5,46083.587,28206.561,1841.119,22334.136,3870.574,160.731,13175.894,934.771,3766.36,39.776,76531.724,38471.615,38060.109,49010.943,29047.715,19963.228,46083.587,27322.935,18760.651,2927.356,1724.78,1202.576,6667.941,4308.311,2359.63,64.04,75.504,52.452,94.027,94.062,93.976,5.973,5.938,6.024,14.469,15.768,12.578,76531.724,20138.925,17377.929,13561.768,10884.802,7958.577,6609.724,38471.615,10311.25,9002.568,6946.365,5471.086,3885.475,2854.871,38060.109,9827.674,8375.361,6615.403,5413.716,4073.102,3754.853,49010.943,7297.936,13958.739,11053.97,8866.96,5529.509,2303.828,29047.715,4466.707,8443.956,6670.992,5078.749,3124.995,1262.317,19963.228,2831.229,5514.783,4382.978,3788.212,2404.514,1041.511,46083.587,6415.235,12927.046,10552.778,8555.633,5376.438,2256.456,27322.935,3962.794,7812.686,6371.896,4902.93,3030.612,1242.017,18760.651,2452.441,5114.36,4180.882,3652.703,2345.826,1014.439,2927.356,882.7,1031.692,501.192,311.327,153.072,47.372,1724.78,503.912,631.27,299.096,175.819,94.383,20.3,1202.576,378.788,400.423,202.096,135.508,58.688,27.072,27520.781,12840.989,3419.19,2507.797,2017.842,2429.067,4305.896,9423.9,5844.544,558.612,275.372,392.337,760.48,1592.554,18096.882,6996.445,2860.578,2232.425,1625.504,1668.587,2713.342,6667.941,744.971,1855.545,1653.592,1417.635,776.137,220.061,4308.311,537.067,1229.643,1073.975,870.836,465.399,131.391,2359.63,207.904,625.902,579.617,546.799,310.738,88.67,4524.357,488.716,1175.357,1039.037,1027.808,611.161,182.277,2862.063,373.954,753.559,653.511,612.115,358.996,109.929,1662.294,114.761,421.798,385.527,415.694,252.165,72.348
2022,6,46591.561,29004.04,1975.611,22618.543,4230.545,179.341,13016.808,813.874,3756.839,40.316,76540.345,38343.285,38197.059,49581.405,29273.466,20307.939,46591.561,27690.82,18900.741,2989.844,1582.646,1407.198,5887.68,3903.852,1983.828,64.778,76.346,53.166,93.97,94.594,93.071,6.03,5.406,6.929,12.637,14.098,10.496,76540.345,20143.489,17300.177,13668.568,10816.051,7975.862,6636.198,38343.285,10318.836,8901.745,6925.381,5417.347,3913.814,2866.162,38197.059,9824.653,8398.431,6743.186,5398.704,4062.048,3770.036,49581.405,7227.756,13930.799,11467.107,8806.882,5610.539,2538.321,29273.466,4494.929,8390.064,6702.711,5033.927,3200.411,1451.424,20307.939,2732.828,5540.736,4764.395,3772.955,2410.128,1086.897,46591.561,6373.502,12807.111,10914.247,8569.524,5433.77,2493.406,27690.82,4026.855,7825.729,6418.125,4910.107,3092.328,1417.675,18900.741,2346.647,4981.381,4496.122,3659.417,2341.442,1075.732,2989.844,854.254,1123.688,552.859,237.358,176.769,44.915,1582.646,468.073,564.334,284.586,123.82,108.083,33.75,1407.198,386.181,559.354,268.274,113.538,68.687,11.165,26958.94,12915.733,3369.378,2201.461,2009.168,2365.323,4097.877,9069.819,5823.907,511.682,222.67,383.419,713.403,1414.737,17889.121,7091.826,2857.696,1978.791,1625.749,1651.919,2683.139,5887.68,653.407,1555.819,1549.075,1239.006,665.672,224.7,3903.852,431.997,1032.525,1060.083,811.314,410.0,157.932,1983.828,221.411,523.294,488.992,427.692,255.672,66.768,3941.545,427.963,881.931,1009.032,902.878,516.801,202.939,2524.988,297.724,575.484,637.33,566.065,307.087,141.297,1416.557,130.239,306.447,371.702,336.813,209.715,61.642
2022,7,47391.497,29429.817,1970.872,23016.421,4267.263,175.262,13007.245,1236.882,3717.553,40.462,76639.158,38465.545,38173.613,49993.614,29404.158,20589.456,47391.497,27904.217,19487.28,2602.117,1499.941,1102.176,6542.736,4280.344,2262.392,65.232,76.443,53.936,94.795,94.899,94.647,5.205,5.101,5.353,13.806,15.339,11.61,76639.158,20131.893,17411.186,13607.197,10866.778,7966.015,6656.09,38465.545,10306.456,8985.757,6950.993,5446.308,3898.233,2877.798,38173.613,9825.436,8425.429,6656.204,5420.47,4067.781,3778.293,49993.614,7478.096,13998.372,11333.54,9009.008,5654.837,2519.761,29404.158,4698.209,8404.73,6642.592,5110.965,3199.799,1347.863,20589.456,2779.887,5593.642,4690.949,3898.042,2455.038,1171.898,47391.497,6587.163,13061.944,10986.61,8761.221,5517.06,2477.5,27904.217,4198.936,7880.57,6448.469,4948.04,3107.141,1321.061,19487.28,2388.227,5181.375,4538.14,3813.181,2409.919,1156.438,2602.117,890.933,936.427,346.931,247.787,137.778,42.261,1499.941,499.274,524.16,194.122,162.925,92.658,26.802,1102.176,391.66,412.267,152.808,84.862,45.12,15.459,26645.544,12653.796,3412.814,2273.656,1857.77,2311.177,4136.33,9061.387,5608.247,581.027,308.401,335.342,698.434,1529.935,17584.156,7045.549,2831.787,1965.255,1522.428,1612.743,2606.395,6542.736,796.015,1645.606,1720.935,1426.354,730.839,222.988,4280.344,568.274,1130.229,1127.079,857.588,457.948,139.224,2262.392,227.741,515.376,593.855,568.766,272.89,83.764,4275.846,555.759,958.572,1076.925,991.061,521.752,171.776,2715.087,404.0,656.231,657.073,571.875,321.044,104.865,1560.758,151.759,302.341,419.853,419.186,200.708,66.912
2022,8,47870.529,29662.072,2004.456,23148.375,4283.376,225.865,13070.417,790.799,4347.242,40.452,76518.637,38368.275,38150.362,50551.931,29237.094,21314.837,47870.529,27786.836,20083.693,2681.402,1450.258,1231.144,7033.061,4586.518,2446.544,66.065,76.201,55.871,94.696,95.04,94.224,5.304,4.96,5.776,14.692,16.506,12.182,76518.637,20105.083,17346.325,13498.1,10907.022,7986.791,6675.315,38368.275,10301.603,8912.191,6927.662,5454.078,3885.926,2886.815,38150.362,9803.481,8434.135,6570.438,5452.944,4100.865,3788.5,50551.931,7636.071,14309.861,11423.166,9174.352,5556.144,2452.337,29237.094,4639.546,8414.65,6659.251,5115.792,3127.893,1279.962,21314.837,2996.525,5895.211,4763.914,4058.56,2428.251,1172.375,47870.529,6810.16,13393.488,10976.118,8861.43,5394.023,2435.309,27786.836,4236.689,7944.414,6392.192,4925.581,3018.94,1269.02,20083.693,2573.472,5449.074,4583.926,3935.849,2375.083,1166.29,2681.402,825.91,916.373,447.048,312.922,162.12,17.028,1450.258,402.857,470.236,267.059,190.211,108.953,10.942,1231.144,423.053,446.137,179.989,122.711,53.168,6.086,25966.706,12469.013,3036.464,2074.934,1732.67,2430.648,4222.978,9131.181,5662.057,497.541,268.411,338.286,758.034,1606.853,16835.525,6806.956,2538.923,1806.523,1394.384,1672.614,2616.125,7033.061,848.168,1711.571,1700.87,1539.109,921.336,312.006,4586.518,611.077,1107.621,1136.321,992.327,566.639,172.533,2446.544,237.091,603.95,564.55,546.782,354.698,139.473,4510.898,556.346,959.678,1017.505,1088.853,657.519,230.997,2787.8,422.078,559.848,634.057,662.275,395.823,113.719,1723.098,134.269,399.829,383.448,426.577,261.696,117.279
2022,9,47582.793,29602.9,2004.286,22868.479,4555.55,174.585,13046.226,1030.335,3903.332,39.644,76831.654,38510.605,38321.049,50080.273,29088.486,20991.787,47582.793,27765.829,19816.964,2497.479,1322.657,1174.823,7326.439,4608.327,2718.112,65.182,75.534,54.779,95.013,95.453,94.403,4.987,4.547,5.597,15.397,16.597,13.716,76831.654,20130.513,17373.294,13645.683,10933.185,8041.552,6707.426,38510.605,10324.098,8962.361,6938.567,5456.656,3925.099,2903.824,38321.049,9806.416,8410.933,6707.116,5476.529,4116.453,3803.602,50080.273,7383.594,14093.733,11427.867,9081.737,5691.463,2401.879,29088.486,4454.02,8487.494,6648.071,5057.994,3175.46,1265.446,20991.787,2929.574,5606.239,4779.796,4023.742,2516.003,1136.433,47582.793,6535.075,13221.194,11121.288,8842.314,5500.571,2362.351,27765.829,4014.64,8038.277,6504.812,4887.599,3064.581,1255.919,19816.964,2520.435,5182.916,4616.476,3954.715,2435.99,1106.432,2497.479,848.519,872.539,306.578,239.423,190.892,39.528,1322.657,439.38,449.217,143.259,170.395,110.879,9.527,1174.823,409.139,423.322,163.32,69.028,80.013,30.001,26751.381,12746.92,3279.561,2217.817,1851.448,2350.089,4305.547,9422.119,5870.078,474.867,290.497,398.661,749.639,1638.378,17329.262,6876.842,2804.694,1927.32,1452.787,1600.45,2667.169,7326.439,807.434,2032.571,1765.045,1547.56,879.724,294.104,4608.327,586.96,1269.946,1182.564,896.373,491.925,180.558,2718.112,220.474,762.625,582.481,651.188,387.799,113.545,4677.061,483.309,1158.789,1081.6,1044.562,650.728,258.072,2915.099,377.333,737.635,697.631,573.649,370.837,158.015,1761.961,105.976,421.155,383.969,470.913,279.891,100.057
2022,10,47063.894,29474.326,1998.881,23136.026,4174.949,164.469,13071.403,1094.398,3423.767,40.188,76869.283,38663.541,38205.741,49303.876,28958.604,20345.272,47063.894,27665.344,19398.55,2239.982,1293.26,946.722,6665.291,4390.367,2274.924,64.14,74.899,53.252,95.457,95.534,95.347,4.543,4.466,4.653,14.162,15.87,11.727,76869.283,20138.64,17352.152,13663.008,10941.405,8045.017,6729.061,38663.541,10321.05,8967.583,7016.105,5501.661,3943.978,2913.165,38205.741,9817.591,8384.569,6646.903,5439.743,4101.039,3815.897,49303.876,6894.814,13944.108,11270.995,9044.073,5642.3,2507.585,28958.604,4177.868,8370.151,6711.088,5176.355,3189.78,1333.362,20345.272,2716.946,5573.958,4559.908,3867.718,2452.521,1174.222,47063.894,6119.896,13098.404,10955.893,8864.142,5544.275,2481.284,27665.344,3753.929,7876.749,6524.856,5069.524,3121.143,1319.143,19398.55,2365.967,5221.655,4431.038,3794.618,2423.131,1162.14,2239.982,774.918,845.704,315.102,179.931,98.026,26.301,1293.26,423.939,493.402,186.232,106.831,68.637,14.219,946.722,350.978,352.302,128.87,73.1,29.389,12.082,27565.407,13243.826,3408.044,2392.012,1897.332,2402.717,4221.477,9704.938,6143.181,597.433,305.017,325.306,754.198,1579.802,17860.469,7100.645,2810.611,2086.995,1572.025,1648.518,2641.674,6665.291,685.614,1732.446,1797.491,1408.964,776.255,264.522,4390.367,489.703,1165.302,1213.947,882.288,487.15,151.977,2274.924,195.911,567.144,583.544,526.676,289.105,112.545,4241.606,447.986,969.072,1085.726,940.372,578.458,219.993,2678.487,329.707,643.132,688.56,547.662,345.672,123.754,1563.119,118.279,325.939,397.165,392.71,232.787,96.238
2022,11,49704.919,30714.923,2142.6,23900.476,4360.273,311.574,13347.466,1277.413,4365.118,39.328,76914.386,38568.187,38346.198,51881.722,29713.867,22167.855,49704.919,28435.456,21269.463,2176.803,1278.411,898.392,7159.558,4589.965,2569.594,67.454,77.042,57.81,95.804,95.698,95.947,4.196,4.302,4.053,14.404,16.142,12.081,76914.386,20137.827,17410.826,13699.065,10896.345,8020.968,6749.356,38568.187,10317.122,8948.41,6990.384,5483.195,3904.125,2924.953,38346.198,9820.705,8462.415,6708.681,5413.15,4116.844,3824.403,51881.722,8054.771,14363.423,11567.525,9111.52,5964.722,2819.761,29713.867,4908.837,8286.604,6623.43,5126.322,3282.233,1486.441,22167.855,3145.934,6076.819,4944.095,3985.198,2682.49,1333.319,49704.919,7374.365,13647.011,11217.524,8879.959,5813.606,2772.454,28435.456,4539.853,7861.246,6425.606,4969.988,3186.379,1452.384,21269.463,2834.513,5785.764,4791.918,3909.971,2627.227,1320.07,2176.803,680.405,716.412,350.001,231.562,151.117,47.306,1278.411,368.984,425.358,197.824,156.334,95.854,34.057,898.392,311.421,291.055,152.177,75.228,55.263,13.249,25032.664,12083.056,3047.403,2131.539,1784.824,2056.246,3929.595,8854.321,5408.285,661.806,366.953,356.873,621.892,1438.511,16178.343,6674.771,2385.596,1764.586,1427.951,1434.354,2491.084,7159.558,852.74,1816.285,1805.703,1445.909,899.183,339.739,4589.965,616.742,1123.291,1164.988,923.81,539.04,222.094,2569.594,235.998,692.994,640.715,522.098,360.143,117.645,4637.257,611.446,1030.126,1165.871,918.796,651.613,259.405,2905.719,426.164,646.321,681.683,578.669,381.123,191.76,1731.538,185.282,383.806,484.188,340.127,270.49,67.645
2022,12,49001.111,30204.453,2117.4,23562.446,4285.732,238.875,13551.518,967.819,4277.321,40.347,77152.759,38715.366,38437.393,51219.957,29701.24,21518.717,49001.111,28547.208,20453.903,2218.846,1154.032,1064.814,6196.547,3958.231,2238.317,66.388,76.717,55.984,95.668,96.115,95.052,4.332,3.885,4.948,12.646,13.866,10.943,77152.759,20123.164,17610.856,13703.291,10875.61,8076.3,6763.537,38715.366,10319.823,9060.851,7001.034,5440.92,3968.163,2924.575,38437.393,9803.341,8550.005,6702.257,5434.691,4108.137,3838.962,51219.957,7588.318,14286.647,11613.26,9164.153,5907.299,2660.28,29701.24,4538.937,8525.961,6762.689,5147.371,3256.543,1469.739,21518.717,3049.381,5760.686,4850.57,4016.782,2650.756,1190.541,49001.111,6870.264,13518.744,11319.018,8923.189,5740.951,2628.944,28547.208,4176.424,8152.806,6619.225,5002.828,3145.095,1450.83,20453.903,2693.84,5365.938,4699.793,3920.361,2595.856,1178.114,2218.846,718.054,767.903,294.241,240.964,166.348,31.336,1154.032,362.513,373.154,143.464,144.543,111.448,18.909,1064.814,355.54,394.749,150.777,96.421,54.9,12.427,25932.802,12534.846,3324.209,2090.031,1711.457,2169.001,4103.257,9014.126,5780.886,534.891,238.345,293.548,711.62,1454.836,16918.676,6753.961,2789.319,1851.686,1417.908,1457.381,2648.421,6196.547,629.447,1595.674,1659.541,1370.429,718.738,222.718,3958.231,431.027,1071.011,1068.414,837.557,428.137,122.084,2238.317,198.421,524.664,591.127,532.871,290.6,100.634,3973.112,424.736,948.883,1044.402,872.449,507.826,174.816,2435.351,290.512,583.176,634.836,523.433,297.663,105.732,1537.761,134.223,365.707,409.566,349.017,210.163,69.085
2023,1,47351.759,29505.826,1974.794,23006.285,4374.036,150.711,12796.225,1196.251,3853.457,39.546,77104.564,38725.145,38379.419,49729.904,29112.564,20617.34,47351.759,27650.656,19701.104,2378.144,1461.908,916.236,6654.489,4441.886,2212.602,64.497,75.177,53.72,95.218,94.978,95.556,4.782,5.022,4.444,14.053,16.064,11.231,77104.564,20137.984,17441.7,13675.277,10943.869,8104.859,6800.875,38725.145,10321.397,8999.752,6992.312,5506.659,3956.63,2948.395,38379.419,9816.587,8441.947,6682.965,5437.209,4148.229,3852.48,49729.904,7016.481,14010.979,11387.611,9087.86,5751.488,2475.484,29112.564,4284.719,8429.043,6679.5,5172.63,3213.239,1333.433,20617.34,2731.762,5581.936,4708.11,3915.23,2538.249,1142.051,47351.759,6258.681,13186.124,10990.506,8849.447,5615.566,2451.436,27650.656,3819.587,7917.487,6440.586,5032.12,3121.49,1319.384,19701.104,2439.093,5268.637,4549.92,3817.327,2494.075,1132.051,2378.144,757.8,824.855,397.104,238.413,135.923,24.049,1461.908,465.131,511.556,238.914,140.51,91.749,14.049,916.236,292.669,313.299,158.191,97.903,44.174,10.0,27374.66,13121.503,3430.72,2287.666,1856.008,2353.371,4325.391,9612.581,6036.678,570.71,312.811,334.029,743.39,1614.962,17762.079,7084.825,2860.011,1974.855,1521.979,1609.98,2710.429,6654.489,719.729,1862.388,1665.268,1429.344,746.247,231.513,4441.886,525.856,1276.992,1126.639,909.891,474.471,128.037,2212.602,193.873,585.396,538.63,519.452,271.776,103.476,4580.928,502.738,1186.814,1105.698,1021.826,577.106,186.745,3023.177,375.62,807.681,735.534,633.306,365.98,105.056,1557.751,127.118,379.133,370.164,388.52,211.127,81.69
2023,2,48796.881,29790.241,2162.972,22796.787,4589.512,240.97,13208.186,1028.075,4770.379,39.489,77003.567,38601.95,38401.618,51271.84,29743.193,21528.647,48796.881,28401.634,20395.247,2474.958,1341.559,1133.4,6286.601,4166.415,2120.187,66.584,77.051,56.062,95.173,95.49,94.735,4.827,4.51,5.265,12.883,14.67,10.395,77003.567,20136.004,17437.226,13593.918,10942.588,8081.83,6812.002,38601.95,10321.295,9007.947,6898.857,5491.594,3921.607,2960.649,38401.618,9814.709,8429.279,6695.06,5450.994,4160.223,3851.353,51271.84,7475.245,14301.769,11635.839,9293.668,5938.482,2626.837,29743.193,4696.398,8490.112,6700.089,5157.454,3241.077,1458.063,21528.647,2778.846,5811.657,4935.75,4136.215,2697.405,1168.774,48796.881,6791.7,13357.165,11240.088,9039.329,5769.639,2598.96,28401.634,4315.249,7980.265,6514.274,5031.919,3113.803,1446.125,20395.247,2476.45,5376.901,4725.814,4007.411,2655.836,1152.835,2474.958,683.545,944.603,395.752,254.339,168.843,27.877,1341.559,381.149,509.847,185.815,125.535,127.275,11.938,1133.4,302.396,434.756,209.936,128.804,41.568,15.939,25731.728,12660.76,3135.457,1958.078,1648.92,2143.348,4185.165,8858.757,5624.897,517.835,198.768,334.141,680.529,1502.586,16872.971,7035.863,2617.622,1759.31,1314.779,1462.819,2682.579,6286.601,696.661,1799.527,1618.851,1273.642,691.92,206.001,4166.415,530.02,1236.751,1089.887,744.571,408.936,156.25,2120.187,166.642,562.776,528.964,529.07,282.983,49.752,4271.939,463.57,1131.787,1004.075,928.781,551.646,192.081,2745.497,351.21,775.536,645.382,522.205,304.278,146.886,1526.443,112.36,356.251,358.692,406.576,247.368,45.195
2023,3,48581.266,29915.376,2223.319,23073.556,4450.97,167.53,13416.415,929.255,4320.22,39.972,77255.503,38746.195,38509.307,50997.819,29482.282,21515.537,48581.266,28217.817,20363.449,2416.553,1264.465,1152.088,5441.666,3584.335,1857.331,66.012,76.091,55.871,95.261,95.711,94.645,4.739,4.289,5.355,11.201,12.702,9.121,77255.503,20141.315,17564.683,13665.334,10933.71,8108.758,6841.703,38746.195,10315.912,9085.801,6949.816,5465.861,3966.269,2962.535,38509.307,9825.403,8478.881,6715.518,5467.849,4142.489,3879.167,50997.819,7128.953,14461.74,11654.858,9322.434,5762.039,2667.795,29482.282,4376.111,8608.282,6692.791,5172.742,3156.721,1475.636,21515.537,2752.842,5853.458,4962.067,4149.693,2605.318,1192.159,48581.266,6403.205,13557.686,11240.402,9105.018,5640.914,2634.042,28217.817,3999.03,8124.63,6483.04,5058.39,3097.232,1455.496,20363.449,2404.176,5433.057,4757.362,4046.629,2543.682,1178.545,2416.553,725.748,904.054,414.457,217.416,121.125,33.753,1264.465,377.081,483.652,209.751,114.352,59.489,20.139,1152.088,348.667,420.402,204.705,103.064,61.636,13.614,26257.683,13012.363,3102.942,2010.476,1611.276,2346.719,4173.908,9263.913,5939.802,477.519,257.025,293.119,809.549,1486.9,16993.77,7072.561,2625.423,1753.451,1318.156,1537.17,2687.008,5441.666,612.083,1494.321,1434.773,1120.146,624.853,155.49,3584.335,462.89,1053.358,917.031,661.986,390.246,98.824,1857.331,149.193,440.963,517.742,458.16,234.607,56.666,3763.098,460.723,897.549,992.998,817.155,448.914,145.76,2428.197,357.73,629.682,617.786,449.293,282.487,91.219,1334.901,102.993,267.866,375.212,367.862,166.426,54.541
2023,4,48058.081,29578.633,2128.317,22867.222,4430.645,152.448,13224.926,1191.757,4062.766,36.93,77259.927,38819.603,38440.324,50314.219,29270.185,21044.034,48058.081,27862.138,20195.943,2256.138,1408.047,848.091,6203.962,4055.359,2148.603,65.123,75.401,54.745,95.516,95.189,95.97,4.484,4.811,4.03,12.909,14.555,10.639,77259.927,20125.804,17455.136,13658.167,10992.227,8159.239,6869.353,38819.603,10325.294,9015.113,6984.723,5530.466,3984.075,2979.931,38440.324,9800.51,8440.022,6673.445,5461.761,4175.164,3889.421,50314.219,6989.708,14234.866,11497.585,9188.467,5837.962,2565.631,29270.185,4310.141,8448.228,6692.296,5195.568,3232.65,1391.302,21044.034,2679.567,5786.639,4805.288,3992.899,2605.313,1174.329,48058.081,6290.839,13395.337,11158.803,8953.222,5730.752,2529.128,27862.138,3885.634,7918.55,6491.569,5040.306,3155.991,1370.089,20195.943,2405.205,5476.787,4667.234,3912.916,2574.761,1159.039,2256.138,698.868,839.529,338.782,235.245,107.211,36.503,1408.047,424.507,529.678,200.728,155.263,76.659,21.213,848.091,274.361,309.851,138.054,79.983,30.552,15.29,26945.708,13136.097,3220.269,2160.583,1803.76,2321.277,4303.722,9549.418,6015.153,566.886,292.426,334.898,751.425,1588.63,17396.29,7120.943,2653.384,1868.156,1468.863,1569.851,2715.092,6203.962,668.653,1679.697,1644.849,1258.698,731.568,220.497,4055.359,488.663,1127.401,1056.082,782.286,463.58,137.346,2148.603,179.99,552.296,588.766,476.412,267.988,83.15,4598.068,506.393,1191.893,1202.561,932.18,577.856,187.185,3004.103,374.518,807.045,786.411,557.758,362.332,116.04,1593.965,131.876,384.848,416.151,374.422,215.523,71.145
2023,5,48260.497,29286.8,2265.611,22542.13,4205.855,273.203,13560.855,1011.276,4401.566,39.349,77169.572,38776.835,38392.737,50427.955,29286.706,21141.249,48260.497,28115.537,20144.96,2167.458,1171.169,996.289,5660.553,3761.822,1898.731,65.347,75.526,55.066,95.702,96.001,95.287,4.298,3.999,4.713,11.729,13.38,9.425,77169.572,20150.526,17380.743,13596.907,11007.193,8148.251,6885.952,38776.835,10332.894,9014.465,6949.747,5509.328,3985.161,2985.239,38392.737,9817.632,8366.278,6647.16,5497.865,4163.09,3900.713,50427.955,6819.122,14347.908,11515.312,9260.114,5774.094,2711.405,29286.706,4182.425,8483.18,6728.946,5155.076,3269.208,1467.872,21141.249,2636.696,5864.729,4786.366,4105.038,2504.886,1243.534,48260.497,6094.056,13529.021,11224.423,9075.37,5677.539,2660.089,28115.537,3817.645,8015.078,6591.811,5059.619,3200.771,1430.613,20144.96,2276.411,5513.943,4632.612,4015.751,2476.768,1229.475,2167.458,725.066,818.887,290.889,184.744,96.555,51.317,1171.169,364.78,468.102,137.134,95.457,68.437,37.258,996.289,360.286,350.786,153.754,89.286,28.118,14.058,26741.617,13331.405,3032.835,2081.595,1747.079,2374.157,4174.546,9490.129,6150.469,531.286,220.802,354.252,715.953,1517.367,17251.489,7180.935,2501.55,1860.794,1392.827,1658.204,2657.179,5660.553,669.208,1528.565,1359.26,1164.823,718.864,219.833,3761.822,472.415,1021.057,919.741,762.215,446.225,140.169,1898.731,196.793,507.508,439.519,402.608,272.639,79.664,3686.15,458.772,811.68,870.067,827.367,542.111,176.153,2390.876,321.987,515.55,593.458,516.295,329.065,114.521,1295.274,136.785,296.13,276.61,311.072,213.046,61.632
2023,6,48841.4,30047.357,2034.547,23247.906,4573.566,191.338,13229.909,951.255,4612.879,39.96,77440.425,38981.966,38458.459,51168.155,29659.756,21508.4,48841.4,28394.473,20446.927,2326.755,1265.283,1061.472,5874.824,3800.164,2074.659,66.074,76.086,55.926,95.453,95.734,95.065,4.547,4.266,4.935,12.028,13.383,10.147,77440.425,20129.899,17452.185,13745.729,10996.399,8201.099,6915.114,38981.966,10322.066,9067.389,7067.075,5526.613,4001.19,2997.633,38458.459,9807.833,8384.795,6678.654,5469.786,4199.909,3917.481,51168.155,7159.738,14297.136,11716.534,9213.318,6078.86,2702.571,29659.756,4427.261,8601.459,6798.515,5182.425,3241.823,1408.272,21508.4,2732.477,5695.676,4918.018,4030.893,2837.037,1294.298,48841.4,6448.807,13474.466,11364.383,8946.259,5925.288,2682.197,28394.473,4031.644,8120.524,6638.637,5045.868,3165.533,1392.268,20446.927,2417.163,5353.943,4725.746,3900.391,2759.755,1289.929,2326.755,710.931,822.669,352.151,267.058,153.572,20.374,1265.283,395.617,480.936,159.879,136.556,76.29,16.005,1061.472,315.314,341.733,192.272,130.502,77.282,4.369,26272.27,12970.162,3155.049,2029.196,1783.081,2122.239,4212.543,9322.21,5894.805,465.93,268.56,344.188,759.367,1589.361,16950.06,7075.356,2689.119,1760.636,1438.893,1362.872,2623.183,5874.824,548.672,1634.578,1538.155,1233.352,669.055,251.01,3800.164,397.429,1074.074,1011.238,764.868,430.678,121.878,2074.659,151.244,560.504,526.917,468.485,238.377,129.133,3543.306,376.15,837.685,858.7,770.502,469.544,230.724,2192.207,273.261,529.941,517.605,455.722,304.634,111.044,1351.099,102.889,307.744,341.095,314.78,164.911,119.681
2023,7,44555.975,30186.393,1951.362,24019.605,4055.173,160.254,11104.858,1370.21,1894.513,42.403,78029.766,39132.3,38897.466,46845.032,28235.479,18609.553,44555.975,26927.569,17628.406,2289.057,1307.91,981.147,7068.858,4693.273,2375.585,60.035,72.154,47.843,95.114,95.368,94.728,4.886,4.632,5.272,15.865,17.429,13.476,78029.766,20161.226,17769.841,13860.781,11067.934,8229.757,6940.227,39132.3,10334.176,9143.682,7063.389,5558.277,4019.846,3012.929,38897.466,9827.05,8626.159,6797.392,5509.657,4209.91,3927.298,46845.032,5968.784,13576.813,11068.266,8665.975,5345.342,2219.852,28235.479,3742.133,8376.545,6646.712,5096.343,3136.984,1236.762,18609.553,2226.651,5200.269,4421.554,3569.632,2208.357,983.09,44555.975,5118.541,12786.762,10768.49,8463.592,5227.133,2191.458,26927.569,3275.038,7918.572,6476.586,4982.089,3056.48,1218.803,17628.406,1843.503,4868.19,4291.904,3481.502,2170.652,972.655,2289.057,850.243,790.051,299.776,202.383,118.209,28.395,1307.91,467.095,457.972,170.126,114.253,80.504,17.959,981.147,383.148,332.079,129.65,88.13,37.705,10.435,31184.734,14192.442,4193.027,2792.515,2401.96,2884.415,4720.374,10896.821,6592.043,767.137,416.678,461.934,882.862,1776.167,20287.913,7600.399,3425.89,2375.838,1940.025,2001.553,2944.208,7068.858,748.362,2005.466,1820.925,1468.945,793.037,232.124,4693.273,532.824,1377.012,1197.57,949.661,497.183,139.024,2375.585,215.538,628.454,623.355,519.284,295.853,93.1,3541.619,403.288,886.582,860.147,768.08,469.728,153.794,2263.454,295.173,597.144,531.107,467.394,285.992,86.644,1278.165,108.115,289.438,329.04,300.686,183.736,67.151
2023,8,48073.184,30118.024,2006.198,23736.928,4163.293,211.606,13108.018,1008.079,3839.063,40.787,77782.487,39001.241,38781.246,50292.104,29757.856,20534.248,48073.184,28555.381,19517.804,2218.919,1202.475,1016.444,5630.166,3741.594,1888.572,64.657,76.3,52.949,95.588,95.959,95.05,4.412,4.041,4.95,11.712,13.103,9.676,77782.487,20150.037,17628.349,13754.274,11020.318,8261.97,6967.539,39001.241,10336.429,9088.208,7000.66,5510.117,4040.483,3025.344,38781.246,9813.608,8540.141,6753.614,5510.201,4221.487,3942.195,50292.104,7038.612,14306.503,11418.594,9179.173,5740.183,2609.04,29757.856,4463.784,8655.24,6707.032,5206.216,3302.51,1423.074,20534.248,2574.828,5651.263,4711.562,3972.957,2437.672,1185.966,48073.184,6175.408,13547.226,11139.848,9023.655,5621.414,2565.633,28555.381,3990.718,8254.422,6544.382,5131.229,3230.177,1404.453,19517.804,2184.69,5292.804,4595.466,3892.426,2391.237,1161.18,2218.919,863.204,759.276,278.746,155.518,118.768,43.407,1202.475,473.066,400.818,162.65,74.988,72.333,18.621,1016.444,390.138,358.459,116.095,80.531,46.435,24.786,27490.383,13111.425,3321.846,2335.681,1841.145,2521.787,4358.499,9243.386,5872.645,432.968,293.628,303.901,737.973,1602.27,18246.998,7238.779,2888.878,2042.053,1537.244,1783.815,2756.229,5630.166,599.755,1466.878,1365.66,1235.578,736.062,226.232,3741.594,395.706,1038.36,923.417,771.925,476.967,135.22,1888.572,204.049,428.519,442.243,463.654,259.095,91.012,3623.791,403.262,776.779,914.947,803.486,540.344,184.973,2312.564,271.095,542.727,585.481,454.339,345.88,113.041,1311.227,132.166,234.052,329.465,349.147,194.464,71.932
2023,9,47665.918,30861.256,2003.93,24127.679,4535.642,194.005,12389.973,1241.535,3173.155,40.753,77954.235,39106.672,38847.563,49929.378,29203.434,20725.944,47665.918,28010.387,19655.532,2263.459,1193.047,1070.412,5112.301,3185.669,1926.632,64.05,74.676,53.352,95.467,95.915,94.835,4.533,4.085,5.165,10.725,11.373,9.802,77954.235,20163.874,17799.435,13700.682,11024.416,8278.172,6987.657,39106.672,10339.255,9167.357,6969.788,5550.599,4043.223,3036.451,38847.563,9824.619,8632.078,6730.894,5473.816,4234.949,3951.206,49929.378,6682.366,14317.439,11496.279,9144.911,5860.26,2428.123,29203.434,4032.11,8621.761,6717.916,5166.555,3260.929,1404.164,20725.944,2650.256,5695.678,4778.363,3978.357,2599.331,1023.959,47665.918,5808.909,13538.88,11241.03,8953.171,5719.409,2404.519,28010.387,3586.194,8202.179,6605.773,5052.919,3166.426,1396.896,19655.532,2222.715,5336.701,4635.257,3900.253,2552.984,1007.623,2263.459,873.457,778.559,255.249,191.74,140.85,23.604,1193.047,445.915,419.582,112.142,113.636,94.503,7.268,1070.412,427.542,358.977,143.106,78.104,46.347,16.336,28024.857,13481.508,3481.996,2204.403,1879.504,2417.912,4559.534,9903.239,6307.145,545.595,251.872,384.045,782.294,1632.287,18121.619,7174.363,2936.4,1952.531,1495.459,1635.618,2927.247,5112.301,526.891,1440.382,1196.419,1117.609,579.054,251.946,3185.669,340.21,963.593,758.063,643.831,329.477,150.494,1926.632,186.68,476.789,438.355,473.778,249.576,101.452,3264.836,355.921,800.008,713.975,784.826,427.57,182.536,1974.868,228.189,531.931,430.442,434.639,243.056,106.609,1289.968,127.732,268.076,283.532,350.186,184.514,75.927
2023,10,47788.26,30141.974,2038.431,23687.343,4296.988,119.211,13312.268,1233.981,3100.037,41.224,77999.398,39171.367,38828.03,49877.522,29365.896,20511.626,47788.26,28134.738,19653.522,2089.262,1231.158,858.104,5596.797,3712.272,1884.526,63.946,74.968,52.827,95.811,95.808,95.816,4.189,4.192,4.184,11.712,13.195,9.589,77999.398,20151.97,17625.368,13851.501,11090.204,8272.484,7007.871,39171.367,10333.25,9095.484,7071.846,5585.117,4040.723,3044.948,38828.03,9818.72,8529.884,6779.655,5505.087,4231.761,3962.923,49877.522,6878.125,14218.406,11453.275,9088.155,5718.089,2521.471,29365.896,4174.406,8554.901,6760.131,5237.78,3247.54,1391.137,20511.626,2703.719,5663.505,4693.143,3850.376,2470.549,1130.334,47788.26,6093.437,13497.739,11166.959,8907.005,5621.95,2501.168,28134.738,3732.828,8118.157,6598.6,5121.949,3181.784,1381.42,19653.522,2360.609,5379.583,4568.359,3785.057,2440.167,1119.748,2089.262,784.688,720.667,286.315,181.15,96.139,20.303,1231.158,441.578,436.744,161.531,115.831,65.756,9.718,858.104,343.11,283.922,124.784,65.319,30.383,10.586,28121.876,13273.845,3406.962,2398.226,2002.048,2554.395,4486.4,9805.471,6158.844,540.582,311.714,347.337,793.183,1653.81,18316.405,7115.001,2866.379,2086.512,1654.711,1761.212,2832.59,5596.797,627.116,1558.07,1414.475,1189.445,610.654,197.037,3712.272,446.528,1064.245,940.983,752.293,387.083,121.14,1884.526,180.588,493.826,473.492,437.152,223.571,75.897,3295.567,373.214,850.988,788.697,704.873,432.11,145.685,2129.287,271.001,562.885,508.038,435.29,263.552,88.52,1166.281,102.214,288.102,280.659,269.583,168.558,57.165
2023,11,49635.249,30537.806,2048.779,23948.912,4375.676,164.439,14196.512,920.032,3980.899,40.195,78107.586,39301.031,38806.555,51468.606,29965.565,21503.041,49635.249,29004.163,20631.086,1833.357,961.403,871.955,5786.815,3596.433,2190.383,65.895,76.246,55.411,96.438,96.792,95.945,3.562,3.208,4.055,11.659,12.4,10.617,78107.586,20141.256,17850.842,13680.102,11087.408,8310.55,7037.428,39301.031,10336.91,9194.184,7038.432,5624.395,4049.154,3057.955,38806.555,9804.346,8656.658,6641.67,5463.013,4261.396,3979.473,51468.606,6925.24,14626.312,11446.091,9538.237,6074.456,2858.27,29965.565,4220.497,8751.92,6691.142,5348.257,3392.347,1561.402,21503.041,2704.743,5874.392,4754.949,4189.98,2682.109,1296.869,49635.249,6302.81,14003.271,11148.197,9339.827,6002.634,2838.51,29004.163,3892.387,8435.189,6531.675,5252.343,3345.561,1547.008,20631.086,2410.424,5568.081,4616.522,4087.484,2657.073,1291.502,1833.357,622.43,623.042,297.894,198.41,71.822,19.76,961.403,328.111,316.73,159.467,95.914,46.786,14.394,871.955,294.319,306.311,138.427,102.496,25.035,5.366,26638.979,13216.016,3224.53,2234.011,1549.171,2236.094,4179.158,9335.466,6116.413,442.265,347.29,276.138,656.807,1496.553,17303.513,7099.603,2782.265,1886.721,1273.033,1579.287,2682.604,5786.815,714.967,1758.069,1304.155,1149.663,688.188,171.774,3596.433,439.389,1098.903,793.796,738.319,434.505,91.521,2190.383,275.578,659.165,510.36,411.344,253.683,80.253,3391.508,444.738,905.107,736.809,689.736,448.895,166.222,2065.208,281.253,572.241,390.694,453.073,278.755,89.192,1326.3,163.484,332.867,346.115,236.663,170.141,77.031
2023,12,50524.688,31781.543,2119.111,24939.695,4503.128,219.609,13832.103,1049.624,3861.418,40.63,78211.92,39221.018,38990.903,52126.923,30186.606,21940.317,50524.688,29317.183,21207.505,1602.235,869.423,732.811,6010.321,3902.835,2107.486,66.648,76.965,56.27,96.926,97.12,96.66,3.074,2.88,3.34,11.896,13.312,9.937,78211.92,20152.471,17696.537,13841.948,11135.46,8333.223,7052.28,39221.018,10350.381,9062.538,7051.021,5604.818,4083.67,3068.59,38990.903,9802.091,8633.999,6790.927,5530.643,4249.554,3983.69,52126.923,6953.605,14624.513,11802.172,9595.901,6217.956,2932.777,30186.606,4332.015,8604.66,6855.425,5385.264,3408.619,1600.623,21940.317,2621.59,6019.853,4946.746,4210.637,2809.337,1332.154,50524.688,6386.705,14016.869,11602.723,9462.537,6138.188,2917.666,29317.183,4014.59,8275.981,6764.181,5313.332,3358.034,1591.065,21207.505,2372.115,5740.888,4838.542,4149.205,2780.154,1326.601,1602.235,566.9,607.643,199.448,133.364,79.768,15.111,869.423,317.425,328.678,91.244,71.932,50.585,9.558,732.811,249.475,278.965,108.204,61.431,29.183,5.552,26084.998,13198.866,3072.024,2039.776,1539.56,2115.268,4119.504,9034.412,6018.365,457.879,195.596,219.554,675.051,1467.967,17050.586,7180.501,2614.146,1844.18,1320.006,1440.217,2651.536,6010.321,742.004,1715.047,1554.119,1164.929,610.6,223.623,3902.835,513.86,1206.802,944.22,729.023,375.977,132.952,2107.486,228.143,508.244,609.899,435.905,234.623,90.671,3657.6,439.126,926.386,959.718,737.698,439.824,154.848,2196.135,284.167,610.816,520.643,438.32,256.709,85.48,1461.464,154.959,315.57,439.075,299.378,183.114,69.368
2024,1,45902.161,31043.175,2068.39,24678.249,4177.822,118.715,11607.196,1208.438,2043.352,42.186,78632.405,39425.032,39207.373,48059.583,28711.402,19348.181,45902.161,27444.984,18457.177,2157.422,1266.418,891.004,6296.61,4192.359,2104.25,61.119,72.825,49.348,95.511,95.589,95.395,4.489,4.411,4.605,13.717,15.276,11.401,78632.405,20166.759,17897.676,13960.825,11169.069,8356.363,7081.713,39425.032,10344.044,9212.538,7105.816,5602.753,4082.12,3077.761,39207.373,9822.715,8685.138,6855.008,5566.316,4274.244,4003.952,48059.583,5986.728,13886.171,11266.513,8906.238,5598.731,2415.203,28711.402,3738.902,8465.028,6731.16,5185.226,3254.113,1336.973,19348.181,2247.825,5421.143,4535.353,3721.012,2344.619,1078.23,45902.161,5181.851,13140.423,10987.511,8711.657,5486.762,2393.956,27444.984,3282.813,8035.129,6566.222,5061.832,3175.761,1323.226,18457.177,1899.038,5105.294,4421.289,3649.825,2311.001,1070.73,2157.422,804.876,745.747,279.002,194.58,111.969,21.246,1266.418,456.089,429.898,164.939,123.394,78.352,13.747,891.004,348.787,315.849,114.064,71.187,33.618,7.5,30572.823,14180.032,4011.506,2694.311,2262.831,2757.632,4666.511,10713.63,6605.142,747.51,374.656,417.527,828.007,1740.788,19859.192,7574.89,3263.995,2319.655,1845.304,1929.625,2925.723,6296.61,649.493,1740.169,1639.261,1292.21,749.846,225.631,4192.359,467.576,1216.872,1074.888,827.196,474.876,130.951,2104.25,181.917,523.297,564.373,465.014,274.97,94.68,3301.075,369.77,825.287,787.079,701.913,458.0,159.025,2118.428,266.257,564.301,491.762,425.75,277.326,93.032,1182.646,103.513,260.986,295.317,276.164,180.673,65.993
2024,2,48950.548,30906.686,2100.297,24571.47,4121.645,113.275,13314.219,956.546,3773.097,40.075,78306.859,39224.605,39082.254,50746.273,29621.445,21124.828,48950.548,28638.44,20312.108,1795.725,983.005,812.72,6076.464,3961.051,2115.413,64.804,75.518,54.052,96.461,96.681,96.153,3.539,3.319,3.847,12.413,13.831,10.415,78306.859,20127.319,17837.895,13779.614,11146.986,8317.889,7097.156,39224.605,10334.493,9141.412,7042.254,5588.804,4036.24,3081.402,39082.254,9792.826,8696.483,6737.36,5558.182,4281.649,4015.755,50746.273,6806.289,14342.693,11555.064,9255.582,6026.568,2760.077,29621.445,4130.77,8624.738,6743.466,5260.385,3311.164,1550.923,21124.828,2675.519,5717.955,4811.597,3995.198,2715.404,1209.154,48950.548,6218.563,13673.363,11303.071,9093.503,5931.367,2730.682,28638.44,3823.8,8274.758,6608.201,5163.116,3244.2,1524.365,20312.108,2394.763,5398.605,4694.87,3930.387,2687.167,1206.317,1795.725,587.726,669.33,251.993,162.079,95.202,29.395,983.005,306.969,349.98,135.265,97.268,66.964,26.557,812.72,280.757,319.35,116.727,64.811,28.237,2.838,27560.586,13321.03,3495.202,2224.55,1891.404,2291.321,4337.079,9603.16,6203.723,516.674,298.788,328.42,725.076,1530.479,17957.426,7117.307,2978.528,1925.763,1562.984,1566.245,2806.6,6076.464,768.946,1774.999,1355.513,1171.223,781.356,224.428,3961.051,527.739,1158.486,916.477,719.368,485.339,153.642,2115.413,241.206,616.513,439.036,451.855,296.017,70.786,3771.781,499.417,985.913,766.646,769.038,591.147,159.62,2327.998,352.35,579.242,496.044,432.02,365.202,103.14,1443.783,147.067,406.67,270.602,337.017,225.946,56.481
2024,3,49152.984,31576.238,2138.071,24613.199,4669.149,155.82,13272.125,972.219,3332.402,40.706,78314.534,39332.485,38982.048,51153.388,29659.248,21494.141,49152.984,28557.805,20595.179,2000.404,1101.443,898.961,5390.662,3531.36,1859.301,65.318,75.406,55.139,96.089,96.286,95.818,3.911,3.714,4.182,10.967,12.366,9.028,78314.534,20150.968,17791.819,13751.469,11123.434,8384.931,7111.914,39332.485,10346.387,9170.485,7056.907,5558.505,4112.087,3088.114,38982.048,9804.581,8621.334,6694.562,5564.929,4272.843,4023.8,51153.388,6702.773,14589.649,11588.536,9368.244,6057.155,2847.032,29659.248,4106.761,8683.843,6775.988,5223.942,3346.716,1521.998,21494.141,2596.012,5905.806,4812.548,4144.302,2710.438,1325.034,49152.984,6116.904,13773.83,11270.192,9240.326,5945.24,2806.492,28557.805,3788.611,8245.208,6614.99,5152.829,3261.367,1494.8,20595.179,2328.293,5528.622,4655.203,4087.497,2683.873,1311.691,2000.404,585.869,815.819,318.344,127.918,111.914,40.54,1101.443,318.149,438.635,160.998,71.113,85.349,27.198,898.961,267.719,377.184,157.345,56.805,26.565,13.342,27161.145,13448.195,3202.17,2162.933,1755.19,2327.776,4264.882,9673.238,6239.626,486.642,280.92,334.563,765.371,1566.116,17487.908,7208.569,2715.527,1882.014,1420.627,1562.405,2698.766,5390.662,669.521,1557.803,1481.126,958.909,543.057,180.245,3531.36,483.254,1124.905,949.275,556.765,334.647,82.514,1859.301,186.267,432.898,531.851,402.144,208.41,97.732,3272.539,468.101,816.021,817.719,634.197,390.025,146.476,2066.65,339.179,583.209,516.565,343.629,222.47,61.598,1205.889,128.923,232.812,301.154,290.569,167.554,84.878
2024,4,48354.356,30762.989,2182.155,24236.755,4260.145,83.933,13471.533,989.782,3130.052,40.469,78617.675,39477.58,39140.095,50395.318,29590.745,20804.573,48354.356,28353.716,20000.64,2040.962,1237.029,803.933,7037.012,4528.609,2508.404,64.102,74.956,53.154,95.95,95.82,96.136,4.05,4.18,3.864,14.553,15.972,12.542,78617.675,20153.407,17817.29,13942.322,11157.245,8399.866,7147.546,39477.58,10344.63,9174.839,7112.178,5631.077,4104.239,3110.617,39140.095,9808.777,8642.451,6830.143,5526.167,4295.627,4036.93,50395.318,6560.897,14370.1,11720.923,9304.325,5880.783,2558.291,29590.745,4110.711,8652.158,6816.566,5304.515,3309.481,1397.314,20804.573,2450.186,5717.941,4904.357,3999.81,2571.302,1160.977,48354.356,5873.188,13620.525,11445.047,9118.764,5765.907,2530.925,28353.716,3689.988,8208.386,6665.736,5181.336,3227.885,1380.386,20000.64,2183.2,5412.139,4779.311,3937.428,2538.022,1150.539,2040.962,687.709,749.574,275.875,185.561,114.877,27.366,1237.029,420.723,443.772,150.83,123.179,81.597,16.928,803.933,266.986,305.802,125.046,62.382,33.28,10.437,28222.357,13592.51,3447.19,2221.399,1852.92,2519.083,4589.256,9886.835,6233.919,522.681,295.612,326.562,794.758,1713.303,18335.522,7358.591,2924.51,1925.786,1526.357,1724.325,2875.953,7037.012,811.275,1978.002,1809.578,1388.883,776.511,272.763,4528.609,547.312,1336.1,1142.706,859.741,480.274,162.475,2508.404,263.963,641.902,666.871,529.142,296.237,110.288,4426.203,568.724,1102.286,1070.703,907.336,557.28,219.874,2781.226,393.868,729.464,641.463,545.772,335.838,134.82,1644.977,174.856,372.823,429.24,361.564,221.442,85.053
2024,5,48865.478,30730.989,2152.053,23680.79,4739.973,158.173,13762.12,824.365,3548.004,40.639,78635.017,39445.608,39189.409,50971.632,29637.036,21334.596,48865.478,28438.259,20427.219,2106.154,1198.776,907.378,4815.011,3130.859,1684.152,64.821,75.134,54.44,95.868,95.955,95.747,4.132,4.045,4.253,9.854,11.009,8.245,78635.017,20146.745,17838.976,13959.486,11093.185,8427.802,7168.825,39445.608,10334.411,9209.54,7072.599,5564.558,4145.531,3118.97,39189.409,9812.334,8629.436,6886.887,5528.627,4282.271,4049.855,50971.632,6478.902,14619.719,11775.961,9347.146,6066.617,2683.288,29637.036,4034.735,8698.016,6820.491,5300.978,3331.423,1451.392,21334.596,2444.166,5921.703,4955.469,4046.168,2735.194,1231.896,48865.478,5756.117,13912.358,11439.11,9145.489,5936.03,2676.374,28438.259,3591.466,8297.104,6658.028,5185.519,3257.075,1449.067,20427.219,2164.651,5615.253,4781.083,3959.971,2678.955,1227.306,2106.154,722.785,707.361,336.85,201.656,130.587,6.915,1198.776,443.269,400.911,162.464,115.459,74.348,2.325,907.378,279.516,306.45,174.386,86.197,56.239,4.59,27663.385,13667.843,3219.257,2183.525,1746.039,2361.185,4485.536,9808.573,6299.676,511.524,252.107,263.58,814.108,1667.578,17854.813,7368.167,2707.733,1931.418,1482.459,1547.077,2817.958,4815.011,588.792,1344.596,1236.112,933.132,546.099,166.28,3130.859,415.283,885.567,781.063,607.409,361.148,80.389,1684.152,173.509,459.03,455.049,325.723,184.951,85.89,2958.405,402.362,646.23,753.227,578.475,443.528,134.583,1791.639,287.2,396.149,416.072,344.15,282.58,65.487,1166.766,115.161,250.08,337.155,234.326,160.948,69.096
2024,6,50278.082,32078.506,2114.342,25833.142,4020.054,110.968,13586.737,861.649,3751.19,40.919,78638.548,39506.935,39131.613,51897.954,30043.445,21854.51,50278.082,29229.57,21048.513,1619.872,813.875,805.997,6082.871,3912.451,2170.42,65.996,76.046,55.849,96.879,97.291,96.312,3.121,2.709,3.688,12.098,13.385,10.312,78638.548,20144.102,17795.893,13846.208,11225.383,8427.057,7199.904,39506.935,10327.382,9191.38,7086.049,5642.5,4124.851,3134.772,39131.613,9816.72,8604.514,6760.159,5582.883,4302.206,4065.132,51897.954,6790.212,14575.063,11854.175,9619.559,6149.46,2909.485,30043.445,4108.375,8687.037,6854.184,5407.769,3404.435,1581.645,21854.51,2681.838,5888.027,4999.991,4211.79,2745.024,1327.84,50278.082,6208.072,14005.292,11624.312,9467.104,6080.983,2892.318,29229.57,3815.221,8418.188,6728.987,5335.662,3361.997,1569.516,21048.513,2392.852,5587.104,4895.325,4131.443,2718.986,1322.803,1619.872,582.14,569.771,229.862,152.455,68.477,17.167,813.875,293.154,268.849,125.197,72.107,42.438,12.129,805.997,288.986,300.922,104.665,80.348,26.038,5.037,26740.594,13353.89,3220.83,1992.034,1605.824,2277.597,4290.419,9463.49,6219.007,504.343,231.865,234.731,720.416,1553.127,17277.104,7134.883,2716.487,1760.168,1371.093,1557.181,2737.292,6082.871,802.307,1774.374,1345.733,1192.534,707.537,260.386,3912.451,560.315,1153.457,885.498,745.106,421.82,146.254,2170.42,241.992,620.917,460.234,447.428,285.717,114.132,3454.361,524.104,906.624,707.867,622.11,499.698,193.957,2158.894,371.634,593.241,434.068,390.553,271.743,97.654,1295.467,152.47,313.383,273.799,231.558,227.955,96.303
2024,7,47683.861,30395.012,2092.933,23845.4,4317.412,139.267,13455.835,1125.996,2707.019,41.066,78894.39,39587.943,39306.447,50059.121,29472.86,20586.262,47683.861,28167.77,19516.091,2375.26,1305.089,1070.171,5773.182,3797.807,1975.376,63.451,74.449,52.374,95.255,95.572,94.802,4.745,4.428,5.198,12.107,13.483,10.122,78894.39,20145.102,17945.798,13936.045,11200.804,8448.55,7218.09,39587.943,10342.129,9221.915,7111.201,5640.389,4130.543,3141.765,39306.447,9802.973,8723.882,6824.844,5560.415,4318.007,4076.326,50059.121,6882.232,14278.244,11447.213,9101.316,5822.153,2527.963,29472.86,4135.9,8589.91,6807.26,5276.949,3270.243,1392.598,20586.262,2746.333,5688.333,4639.953,3824.367,2551.911,1135.365,47683.861,5860.466,13526.194,11158.202,8911.474,5720.177,2507.349,28167.77,3603.395,8173.45,6644.092,5165.872,3199.46,1381.501,19516.091,2257.071,5352.744,4514.11,3745.602,2520.717,1125.848,2375.26,1021.767,752.05,289.011,189.842,101.977,20.614,1305.089,532.504,416.46,163.167,111.078,70.782,11.097,1070.171,489.262,335.59,125.843,78.765,31.194,9.517,28835.269,13262.87,3667.554,2488.832,2099.488,2626.397,4690.128,10115.083,6206.229,632.005,303.942,363.44,860.301,1749.166,18720.186,7056.64,3035.549,2184.891,1736.048,1766.096,2940.961,5773.182,696.39,1659.114,1396.859,1157.291,660.471,203.057,3797.807,482.781,1128.486,949.045,709.477,409.001,119.017,1975.376,213.61,530.628,447.815,447.814,251.47,84.04,3185.024,423.491,752.593,734.506,688.268,435.028,151.138,2023.961,301.401,502.187,479.378,393.145,261.25,86.6,1161.063,122.089,250.407,255.128,295.123,173.777,64.538
2024,8,49153.883,30814.527,2136.164,23685.633,4862.143,130.587,13842.799,1171.947,3324.609,40.701,79040.339,39639.58,39400.76,51223.976,29655.052,21568.924,49153.883,28609.031,20544.852,2070.093,1046.021,1024.072,5483.699,3714.456,1769.243,64.807,74.812,54.742,95.959,96.473,95.252,4.041,3.527,4.748,11.156,12.984,8.612,79040.339,20175.209,17845.493,14063.677,11271.918,8437.904,7246.138,39639.58,10364.269,9155.514,7164.13,5651.327,4147.611,3156.728,39400.76,9810.94,8689.979,6899.547,5620.591,4290.292,4089.41,51223.976,6706.875,14442.54,11876.118,9396.189,6006.906,2795.347,29655.052,4059.572,8552.389,6870.734,5279.238,3348.941,1544.177,21568.924,2647.303,5890.151,5005.384,4116.951,2657.965,1251.171,49153.883,5901.012,13733.391,11629.038,9209.211,5907.792,2773.439,28609.031,3711.684,8147.903,6737.071,5183.069,3297.399,1531.904,20544.852,2189.328,5585.488,4891.967,4026.141,2610.392,1241.535,2070.093,805.863,709.149,247.08,186.978,99.115,21.908,1046.021,347.888,404.486,133.664,96.169,51.542,12.273,1024.072,457.975,304.662,113.417,90.81,47.573,9.635,27816.364,13468.334,3402.953,2187.56,1875.729,2430.997,4450.79,9984.528,6304.697,603.125,293.396,372.089,798.67,1612.551,17831.836,7163.637,2799.828,1894.164,1503.64,1632.327,2838.239,5483.699,595.46,1458.673,1441.81,1176.98,581.508,229.267,3714.456,393.082,1013.665,1012.809,766.083,377.384,151.433,1769.243,202.378,445.008,429.001,410.897,204.124,77.834,2846.617,331.774,580.823,735.964,622.063,406.372,169.621,1914.469,228.503,403.237,519.502,399.1,251.659,112.468,932.148,103.271,177.586,216.462,222.963,154.713,57.153
2024,9,49872.28,31871.776,2557.168,24400.458,4776.083,138.067,13690.607,1019.48,3290.416,40.339,78800.185,39456.627,39343.558,51765.551,29833.457,21932.094,49872.28,28872.466,20999.814,1893.271,960.991,932.28,5943.585,3793.546,2150.039,65.692,75.611,55.745,96.343,96.779,95.749,3.657,3.221,4.251,11.918,13.139,10.238,78800.185,20150.946,17867.09,13931.777,11147.566,8440.719,7262.087,39456.627,10331.692,9215.0,7073.029,5574.459,4103.62,3158.827,39343.558,9819.254,8652.09,6858.748,5573.107,4337.099,4103.26,51765.551,6834.829,14640.878,11874.756,9513.67,6089.777,2811.641,29833.457,4138.746,8668.474,6893.846,5253.696,3343.995,1534.701,21932.094,2696.083,5972.404,4980.91,4259.974,2745.782,1276.94,49872.28,6147.919,13966.847,11635.33,9343.954,5982.334,2795.896,28872.466,3798.478,8299.741,6767.279,5188.626,3295.903,1522.438,20999.814,2349.441,5667.106,4868.051,4155.328,2686.43,1273.458,1893.271,686.91,674.03,239.426,169.716,107.444,15.745,960.991,340.267,368.732,126.566,65.07,48.092,12.264,932.28,346.642,305.298,112.859,104.646,59.352,3.482,27034.634,13316.117,3226.212,2057.021,1633.895,2350.941,4450.446,9623.17,6192.946,546.526,179.183,320.763,759.625,1624.126,17411.464,7123.171,2679.686,1877.838,1313.132,1591.316,2826.32,5943.585,669.54,1689.281,1503.842,1207.939,631.071,241.914,3793.546,437.004,1112.537,952.158,761.569,394.176,136.103,2150.039,232.536,576.744,551.684,446.369,236.895,105.811,3239.669,343.408,853.496,749.568,704.109,425.387,163.702,2095.214,236.319,587.631,462.781,438.187,283.584,86.713,1144.455,107.089,265.865,286.787,265.922,141.804,76.989
2024,10,48156.894,30745.293,2066.973,24110.188,4447.93,120.202,13351.699,1228.0,2831.902,40.998,79220.229,39847.008,39373.221,50122.636,29603.069,20519.567,48156.894,28451.132,19705.762,1965.742,1151.938,813.804,6083.084,3984.738,2098.345,63.27,74.292,52.116,96.078,96.109,96.034,3.922,3.891,3.966,12.632,14.006,10.648,79220.229,20165.893,17978.151,14022.987,11237.454,8526.987,7288.756,39847.008,10353.582,9324.892,7150.938,5660.233,4181.781,3175.583,39373.221,9812.312,8653.259,6872.049,5577.22,4345.207,4113.174,50122.636,6308.975,14295.318,11646.321,9308.882,5926.593,2636.547,29603.069,3916.161,8733.287,6825.209,5309.995,3359.435,1458.982,20519.567,2392.813,5562.032,4821.112,3998.887,2567.158,1177.565,48156.894,5521.337,13664.845,11374.746,9141.909,5833.343,2620.714,28451.132,3459.349,8387.425,6675.347,5188.184,3294.455,1446.372,19705.762,2061.988,5277.42,4699.399,3953.725,2538.888,1174.342,1965.742,787.638,630.473,271.575,166.973,93.25,15.833,1151.938,456.812,345.861,149.862,121.811,64.98,12.61,813.804,330.825,284.612,121.713,45.162,28.27,3.223,29097.593,13856.919,3682.833,2376.666,1928.572,2600.395,4652.209,10243.939,6437.42,591.605,325.729,350.238,822.346,1716.6,18853.654,7419.498,3091.228,2050.937,1578.334,1778.049,2935.609,6083.084,639.975,1738.849,1554.083,1237.213,671.681,241.283,3984.738,450.185,1183.25,1024.757,750.727,433.118,142.702,2098.345,189.789,555.599,529.326,486.486,238.563,98.582,3431.906,387.842,874.418,838.473,711.444,447.011,172.718,2187.836,276.547,568.878,535.684,411.635,292.254,102.837,1244.07,111.295,305.54,302.79,299.809,154.756,69.88
2024,11,49541.469,31628.895,2280.557,24924.552,4281.271,142.514,13763.282,900.226,3249.067,41.094,79288.305,39848.919,39439.386,51204.176,29940.48,21263.696,49541.469,28939.264,20602.205,1662.707,1001.216,661.49,5354.744,3470.892,1883.852,64.58,75.135,53.915,96.753,96.656,96.889,3.247,3.344,3.111,10.809,11.994,9.144,79288.305,20139.256,18076.571,13932.957,11254.936,8567.907,7316.679,39848.919,10345.858,9340.644,7116.58,5659.795,4197.396,3188.647,39439.386,9793.398,8735.927,6816.377,5595.141,4370.511,4128.032,51204.176,6516.219,14696.409,11610.071,9458.188,6116.18,2807.11,29940.48,3955.508,8817.138,6889.477,5360.777,3420.302,1497.278,21263.696,2560.711,5879.27,4720.593,4097.411,2695.878,1309.832,49541.469,5906.229,14140.886,11364.78,9342.244,5999.381,2787.95,28939.264,3618.085,8480.506,6736.025,5275.765,3347.424,1481.46,20602.205,2288.145,5660.38,4628.755,4066.48,2651.957,1306.489,1662.707,609.99,555.523,245.291,115.944,116.799,19.16,1001.216,337.423,336.632,153.452,85.013,72.878,15.817,661.49,272.567,218.891,91.838,30.932,43.921,3.342,28084.129,13623.037,3380.162,2322.886,1796.748,2451.727,4509.569,9908.439,6390.351,523.505,227.102,299.018,777.094,1691.369,18175.69,7232.687,2856.657,2095.784,1497.73,1674.633,2818.2,5354.744,575.354,1440.984,1475.202,1095.832,563.785,203.586,3470.892,399.345,989.854,933.715,683.172,346.104,118.702,1883.852,176.01,451.13,541.487,412.659,217.681,84.885,3035.63,351.104,685.587,817.514,665.083,378.208,138.135,1947.714,256.383,479.946,482.335,406.256,226.742,96.052,1087.916,94.722,205.641,335.178,258.826,151.466,42.083
2024,12,50185.471,31669.544,2052.094,25012.142,4531.357,73.952,14267.175,822.475,3426.276,40.936,79534.984,39898.78,39636.204,51814.479,30141.321,21673.158,50185.471,29268.712,20916.759,1629.008,872.609,756.398,5480.559,3388.855,2091.704,65.147,75.544,54.68,96.856,97.105,96.51,3.144,2.895,3.49,10.921,11.578,10.0,79534.984,20147.442,18150.949,14130.359,11207.579,8568.123,7330.531,39898.78,10358.683,9346.696,7177.862,5622.787,4192.09,3200.663,39636.204,9788.759,8804.253,6952.497,5584.793,4376.034,4129.868,51814.479,6427.757,14797.438,11797.84,9478.504,6317.5,2995.439,30141.321,3871.174,8817.422,6874.5,5347.451,3559.748,1671.026,21673.158,2556.583,5980.016,4923.34,4131.054,2757.752,1324.413,50185.471,5842.067,14222.043,11601.843,9366.262,6181.007,2972.249,29268.712,3587.448,8532.052,6770.735,5263.087,3464.79,1650.599,20916.759,2254.619,5689.991,4831.108,4103.175,2716.217,1321.65,1629.008,585.691,575.395,195.997,112.242,136.493,23.189,872.609,283.726,285.37,103.765,84.364,94.958,20.427,756.398,301.965,290.025,92.232,27.879,41.535,2.762,27720.505,13719.685,3353.511,2332.519,1729.075,2250.624,4335.092,9757.459,6487.509,529.274,303.362,275.336,632.342,1529.637,17963.046,7232.176,2824.237,2029.157,1453.739,1618.282,2805.455,5480.559,629.076,1691.173,1311.971,1015.639,615.969,216.731,3388.855,406.274,1063.313,798.537,643.511,360.639,116.582,2091.704,222.802,627.86,513.435,372.128,255.329,100.149,2772.353,293.441,684.816,701.435,550.251,394.428,147.983,1613.493,172.738,406.254,421.584,327.605,216.303,69.01,1158.86,120.703,278.562,279.852,222.646,178.125,78.972
2025,1,48486.641,30554.826,2142.16,23998.827,4307.88,105.959,13670.994,1081.489,3179.332,40.384,79316.343,39842.66,39473.683,50651.903,29786.685,20865.218,48486.641,28496.441,19990.2,2165.262,1290.244,875.018,6469.409,4333.075,2136.333,63.861,74.761,52.859,95.725,95.668,95.806,4.275,4.332,4.194,13.343,15.206,10.687,79316.343,20152.665,17999.214,13998.705,11233.118,8571.34,7361.301,39842.66,10352.877,9272.134,7144.73,5645.316,4218.764,3208.841,39473.683,9799.788,8727.08,6853.975,5587.802,4352.577,4152.46,50651.903,6415.805,14446.47,11624.345,9434.805,6052.107,2678.371,29786.685,4019.396,8692.334,6819.029,5361.675,3435.586,1458.665,20865.218,2396.409,5754.136,4805.316,4073.13,2616.522,1219.706,48486.641,5645.79,13649.854,11354.582,9256.327,5917.934,2662.155,28496.441,3598.382,8210.968,6649.714,5243.483,3347.454,1446.44,19990.2,2047.407,5438.886,4704.869,4012.844,2570.48,1215.714,2165.262,770.015,796.616,269.763,178.478,134.174,16.217,1290.244,421.014,481.366,169.315,118.192,88.132,12.225,875.018,349.002,315.249,100.447,60.286,46.042,3.992,28664.44,13736.86,3552.744,2374.361,1798.313,2519.233,4682.929,10055.975,6333.481,579.799,325.701,283.64,783.178,1750.175,18608.465,7403.379,2972.945,2048.659,1514.673,1736.055,2932.754,6469.409,680.983,1741.999,1650.478,1348.442,794.685,252.822,4333.075,505.962,1240.064,1079.103,851.584,499.332,157.031,2136.333,175.021,501.934,571.376,496.858,295.353,95.791,3895.567,433.227,911.522,982.779,816.122,560.263,191.653,2576.484,324.644,654.832,633.909,493.655,349.188,120.256,1319.083,108.583,256.689,348.869,322.468,211.075,71.398
2025,2,49155.132,31116.036,2252.001,24096.246,4568.833,198.956,13892.322,950.024,3196.749,41.053,79246.255,39792.778,39453.477,51092.278,29700.99,21391.288,49155.132,28627.629,20527.502,1937.147,1073.361,863.786,4958.545,3327.236,1631.309,64.473,74.639,54.219,96.209,96.386,95.962,3.791,3.614,4.038,10.088,11.622,7.947,79246.255,20113.617,17925.688,13985.097,11262.438,8581.787,7377.628,39792.778,10354.627,9211.598,7134.91,5658.465,4210.154,3223.023,39453.477,9758.99,8714.09,6850.186,5603.974,4371.632,4154.605,51092.278,6255.028,14386.056,11821.372,9621.567,6219.794,2788.462,29700.99,3913.546,8607.118,6839.99,5369.925,3455.184,1515.227,21391.288,2341.482,5778.938,4981.382,4251.642,2764.61,1273.235,49155.132,5603.455,13656.555,11571.693,9440.613,6109.332,2773.484,28627.629,3530.475,8227.502,6710.631,5268.423,3377.378,1513.22,20527.502,2072.981,5429.052,4861.061,4172.19,2731.953,1260.265,1937.147,651.573,729.501,249.68,180.954,110.462,14.977,1073.361,383.072,379.616,129.359,101.502,77.805,2.007,863.786,268.501,349.885,120.32,79.452,32.657,12.97,28153.977,13858.589,3539.632,2163.725,1640.872,2361.993,4589.167,10091.788,6441.081,604.48,294.92,288.54,754.971,1707.796,18062.189,7417.508,2935.152,1868.804,1352.332,1607.022,2881.371,4958.545,509.187,1551.613,1150.351,984.257,615.69,147.447,3327.236,407.253,1101.616,760.568,600.056,374.339,83.402,1631.309,101.933,449.997,389.783,384.2,241.35,64.045,2892.24,331.265,754.232,660.929,572.505,451.512,121.796,1892.549,253.664,570.29,392.695,332.657,269.688,73.556,999.69,77.601,183.942,268.235,239.848,181.825,48.24
2025,3,48022.3,30445.487,2037.036,23763.689,4476.34,168.422,13399.777,996.847,3180.189,41.184,79478.551,39862.433,39616.118,49954.229,29142.549,20811.68,48022.3,28023.062,19999.238,1931.929,1119.487,812.442,6439.396,4184.894,2254.501,62.852,73.108,52.533,96.133,96.159,96.096,3.867,3.841,3.904,13.409,14.934,11.273,79478.551,20153.161,18141.001,14087.196,11190.951,8509.892,7396.351,39862.433,10346.622,9382.387,7210.937,5597.174,4104.816,3220.497,39616.118,9806.54,8758.613,6876.259,5593.776,4405.076,4175.853,49954.229,5922.758,14485.955,11750.943,9212.318,5881.468,2700.787,29142.549,3775.501,8678.044,6784.119,5170.22,3239.329,1495.336,20811.68,2147.257,5807.911,4966.824,4042.098,2642.139,1205.451,48022.3,5271.486,13738.79,11516.413,9019.014,5800.674,2675.923,28023.062,3435.315,8201.609,6667.798,5052.726,3185.352,1480.26,19999.238,1836.171,5537.18,4848.615,3966.288,2615.321,1195.663,1931.929,651.272,747.165,234.53,193.304,80.795,24.864,1119.487,340.186,476.435,116.321,117.494,53.977,15.075,812.442,311.086,270.731,118.209,75.81,26.818,9.788,29524.322,14230.403,3655.046,2336.253,1978.633,2628.423,4695.564,10719.884,6571.12,704.343,426.818,426.954,865.487,1725.162,18804.438,7659.283,2950.702,1909.435,1551.679,1762.936,2970.402,6439.396,734.406,1810.84,1607.18,1397.412,638.167,251.39,4184.894,548.416,1273.125,1030.032,773.109,407.234,152.978,2254.501,185.99,537.715,577.149,624.303,230.933,98.412,3415.387,360.2,865.977,803.68,753.401,448.087,184.041,2189.399,272.561,608.607,511.351,411.931,268.755,116.196,1225.988,87.639,257.371,292.329,341.471,179.332,67.845
2025,4,48671.648,30755.375,2045.802,24014.295,4607.916,87.362,13623.481,968.888,3323.904,39.879,79591.811,39967.13,39624.681,50735.293,29740.218,20995.075,48671.648,28539.73,20131.918,2063.645,1200.488,863.157,7091.102,4564.252,2526.85,63.744,74.412,52.985,95.933,95.963,95.889,4.067,4.037,4.111,14.569,15.993,12.551,79591.811,20147.803,18070.432,14052.165,11264.57,8634.991,7421.85,39967.13,10345.125,9322.806,7183.164,5648.223,4227.641,3240.171,39624.681,9802.678,8747.626,6869.0,5616.347,4407.35,4181.679,50735.293,6415.378,14438.32,11777.14,9335.106,6067.172,2702.177,29740.218,3939.206,8705.573,6896.406,5288.943,3409.133,1500.957,20995.075,2476.172,5732.747,4880.734,4046.163,2658.039,1201.22,48671.648,5677.209,13715.772,11476.652,9135.138,5979.191,2687.686,28539.73,3535.88,8287.584,6719.474,5165.949,3339.254,1491.59,20131.918,2141.329,5428.188,4757.178,3969.19,2639.937,1196.095,2063.645,738.169,722.548,300.488,199.968,87.981,14.492,1200.488,403.326,417.989,176.932,122.995,69.879,9.366,863.157,334.843,304.559,123.556,76.973,18.102,5.125,28856.518,13732.425,3632.112,2275.025,1929.464,2567.819,4719.673,10226.912,6405.919,617.233,286.759,359.28,818.508,1739.214,18629.606,7326.507,3014.879,1988.266,1570.185,1749.311,2980.459,7091.102,763.047,1946.121,1848.363,1434.927,834.909,263.735,4564.252,539.943,1288.901,1168.992,901.217,510.247,154.954,2526.85,223.104,657.22,679.372,533.71,324.662,108.782,4106.711,479.415,1015.591,995.019,849.424,570.485,196.778,2591.288,339.659,653.8,620.921,508.572,354.041,114.294,1515.423,139.755,361.79,374.098,340.852,216.444,82.484
2025,5,50289.761,31587.224,2359.509,24388.439,4706.758,132.518,14064.366,871.887,3766.283,39.759,79461.839,39798.17,39663.669,52324.539,30158.132,22166.407,50289.761,29016.691,21273.07,2034.778,1141.441,893.337,6602.555,4240.065,2362.49,65.849,75.778,55.886,96.111,96.215,95.97,3.889,3.785,4.03,13.129,14.613,11.106,79461.839,20106.896,18006.386,14071.271,11194.565,8638.294,7444.426,39798.17,10330.98,9196.396,7143.1,5660.24,4224.648,3242.805,39663.669,9775.916,8809.99,6928.171,5534.325,4413.647,4201.621,52324.539,6750.217,14646.933,12105.556,9656.807,6315.605,2849.422,30158.132,4153.924,8699.476,6916.989,5355.742,3512.144,1519.857,22166.407,2596.292,5947.457,5188.567,4301.065,2803.461,1329.565,50289.761,6179.266,13854.253,11799.452,9368.365,6241.583,2846.843,29016.691,3827.909,8286.691,6735.469,5187.782,3461.202,1517.638,21273.07,2351.356,5567.562,5063.984,4180.583,2780.381,1329.204,2034.778,570.951,792.68,306.104,288.442,74.022,2.579,1141.441,326.015,412.785,181.52,167.96,50.942,2.219,893.337,244.936,379.895,124.584,120.482,23.08,0.36,27137.3,13356.679,3359.454,1965.715,1537.758,2322.689,4595.004,9640.038,6177.056,496.92,226.111,304.498,712.504,1722.948,17497.262,7179.624,2862.533,1739.603,1233.26,1610.185,2872.056,6602.555,707.763,1785.943,1655.703,1365.876,876.64,210.63,4240.065,485.793,1219.278,1024.792,833.271,567.449,109.481,2362.49,221.97,566.665,630.911,532.605,309.191,101.148,3908.941,509.575,982.352,850.926,810.183,601.011,154.895,2403.494,334.466,646.905,511.644,457.898,368.209,84.373,1505.447,175.109,335.448,339.282,352.285,232.802,70.522
2025,6,50474.715,31823.822,2391.825,25002.358,4299.57,130.069,13661.399,941.818,4047.677,40.502,79780.05,40020.183,39759.867,52423.735,30379.786,22043.949,50474.715,29251.669,21223.046,1949.019,1128.116,820.903,5762.655,3770.95,1991.705,65.71,75.911,55.443,96.282,96.287,96.276,3.718,3.713,3.724,11.417,12.891,9.385,79780.05,20143.221,18160.333,14054.057,11287.044,8661.836,7473.558,40020.183,10360.315,9324.975,7156.795,5676.874,4241.895,3259.329,39759.867,9782.906,8835.358,6897.262,5610.17,4419.942,4214.229,52423.735,6660.951,14925.361,11964.335,9511.641,6409.749,2951.697,30379.786,4230.143,8839.479,6855.663,5275.17,3578.378,1600.953,22043.949,2430.808,6085.882,5108.672,4236.472,2831.371,1350.744,50474.715,6037.578,14187.991,11683.72,9341.635,6290.039,2933.751,29251.669,3881.446,8379.978,6712.651,5210.395,3480.447,1586.752,21223.046,2156.132,5808.014,4971.069,4131.239,2809.592,1347.0,1949.019,623.373,737.37,280.615,170.006,119.71,17.946,1128.116,348.697,459.501,143.012,64.774,97.931,14.201,820.903,274.676,277.868,137.603,105.232,21.779,3.744,27356.315,13482.27,3234.972,2089.722,1775.403,2252.087,4521.861,9640.397,6130.172,485.496,301.132,401.705,663.517,1658.376,17715.918,7352.098,2749.476,1788.59,1373.699,1588.57,2863.485,5762.655,615.082,1638.07,1457.46,1182.535,647.233,222.275,3770.95,445.478,1099.845,946.562,723.286,414.547,141.232,1991.705,169.605,538.225,510.898,459.248,232.686,81.044,3598.662,441.225,836.28,892.828,802.412,437.929,187.989,2258.325,321.96,536.772,551.459,453.768,270.592,123.774,1340.337,119.265,299.507,341.369,348.644,167.336,64.215
2025,7,46046.451,31639.579,2098.042,24832.51,4545.889,163.138,11384.801,1219.734,1802.337,42.041,80087.681,40180.631,39907.05,48639.863,29111.045,19528.819,46046.451,27614.216,18432.235,2593.412,1496.829,1096.583,6802.938,4550.556,2252.382,60.733,72.45,48.936,94.668,94.858,94.385,5.332,5.142,5.615,14.774,16.479,12.22,80087.681,20145.708,18230.139,14150.06,11364.388,8701.574,7495.812,40180.631,10352.308,9392.36,7194.426,5704.497,4263.126,3273.913,39907.05,9793.399,8837.779,6955.634,5659.891,4438.448,4221.899,48639.863,5942.317,14057.217,11343.126,9050.178,5777.73,2469.295,29111.045,3741.679,8542.022,6793.786,5262.277,3374.753,1396.527,19528.819,2200.638,5515.195,4549.339,3787.901,2402.978,1072.768,46046.451,4867.25,13177.682,11028.871,8858.947,5668.26,2445.44,27614.216,3141.537,8023.271,6619.326,5150.209,3298.967,1380.906,18432.235,1725.713,5154.411,4409.545,3708.738,2369.294,1064.534,2593.412,1075.067,879.535,314.255,191.231,109.47,23.854,1496.829,600.143,518.75,174.46,112.068,75.786,15.621,1096.583,474.925,360.784,139.795,79.163,33.684,8.233,31447.817,14203.39,4172.922,2806.934,2314.21,2923.844,5026.518,11069.586,6610.629,850.338,400.64,442.22,888.374,1877.386,20378.231,7592.761,3322.584,2406.295,1871.99,2035.47,3149.131,6802.938,667.874,1832.013,1791.094,1435.925,814.766,261.266,4550.556,492.448,1270.517,1192.871,914.528,517.104,163.089,2252.382,175.427,561.497,598.223,521.397,297.662,98.177,3515.781,367.336,845.371,861.806,765.449,494.222,181.597,2275.51,280.344,578.312,540.635,461.467,301.63,113.122,1240.271,86.992,267.059,321.171,303.981,192.592,68.475
2025,8,50096.151,32270.652,2434.975,25181.391,4557.097,97.188,13533.622,783.329,3508.549,41.014,80125.548,40300.767,39824.782,52129.648,30356.109,21773.54,50096.151,29189.91,20906.241,2033.497,1166.199,867.299,5380.675,3498.352,1882.323,65.06,75.324,54.673,96.099,96.158,96.017,3.901,3.842,3.983,10.741,11.985,9.004,80125.548,20124.631,18205.458,14153.359,11395.321,8725.766,7521.013,40300.767,10331.314,9415.337,7247.456,5732.829,4285.444,3288.387,39824.782,9793.317,8790.121,6905.904,5662.492,4440.323,4232.626,52129.648,6706.963,14606.065,12096.502,9544.253,6258.941,2916.924,30356.109,4085.436,8776.494,7002.808,5397.28,3514.637,1579.455,21773.54,2621.528,5829.571,5093.695,4146.973,2744.304,1337.47,50096.151,5921.825,13848.887,11889.254,9394.861,6151.699,2889.625,29189.91,3684.707,8332.871,6839.613,5319.804,3446.555,1566.36,20906.241,2237.118,5516.016,5049.641,4075.058,2705.144,1323.264,2033.497,785.138,757.178,207.249,149.391,107.241,27.3,1166.199,400.729,443.623,163.195,77.476,68.082,13.094,867.299,384.41,313.555,44.054,71.915,39.16,14.205,27995.9,13417.668,3599.393,2056.857,1851.068,2466.826,4604.088,9944.658,6245.879,638.843,244.648,335.549,770.807,1708.932,18051.242,7171.789,2960.55,1812.209,1515.519,1696.019,2895.156,5380.675,678.183,1365.354,1437.041,1058.975,622.071,219.051,3498.352,519.988,973.69,848.29,669.019,366.082,121.282,1882.323,158.194,391.664,588.751,389.956,255.989,97.769,3359.126,449.896,701.764,880.687,714.502,435.532,176.745,2032.967,327.449,465.693,473.789,406.694,254.647,104.694,1326.159,122.447,236.071,406.898,307.808,180.885,72.051
2025,9,49601.878,31794.552,1983.822,25031.324,4626.037,153.369,13703.643,820.484,3283.201,40.534,79983.363,40185.034,39798.328,51557.667,30025.81,21531.856,49601.878,28927.015,20674.863,1955.788,1098.795,856.993,5522.548,3583.555,1938.992,64.46,74.719,54.102,96.207,96.34,96.02,3.793,3.66,3.98,11.134,12.388,9.378,79983.363,20114.565,18184.224,14020.086,11362.003,8765.971,7536.514,40185.034,10341.973,9357.28,7180.901,5710.692,4299.41,3294.778,39798.328,9772.592,8826.944,6839.185,5651.31,4466.561,4241.736,51557.667,6363.293,14696.44,11760.534,9367.072,6460.225,2910.102,30025.81,3890.208,8721.168,6883.43,5383.084,3615.734,1532.186,21531.856,2473.085,5975.273,4877.104,3983.988,2844.491,1377.916,49601.878,5622.476,14000.395,11484.877,9214.405,6388.578,2891.148,28927.015,3489.581,8281.502,6768.972,5291.206,3574.795,1520.958,20674.863,2132.895,5718.893,4715.905,3923.199,2813.782,1370.19,1955.788,740.817,696.045,275.657,152.667,71.648,18.954,1098.795,400.627,439.665,114.458,91.878,40.939,11.228,856.993,340.19,256.38,161.199,60.789,30.709,7.726,28425.696,13751.272,3487.784,2259.552,1994.93,2305.746,4626.412,10159.224,6451.764,636.113,297.471,327.608,683.676,1762.592,18266.472,7299.507,2851.671,1962.081,1667.322,1622.07,2863.82,5522.548,553.048,1481.622,1242.281,1244.725,763.928,236.943,3583.555,403.702,993.136,796.436,779.484,474.326,136.472,1938.992,149.346,488.486,445.845,465.242,289.603,100.471,3228.431,362.01,751.608,683.552,700.552,547.836,182.873,1989.199,259.864,461.798,392.551,436.19,345.065,93.73,1239.233,102.147,289.81,291.001,264.362,202.77,89.143
2025,10,48619.468,31215.778,1491.08,24972.734,4627.992,123.972,13372.64,986.981,3044.068,41.302,80492.332,40477.988,40014.344,51161.534,30342.298,20819.236,48619.468,28849.638,19769.83,2542.066,1492.66,1049.406,5810.505,3866.039,1944.466,63.561,74.96,52.029,95.031,95.081,94.959,4.969,4.919,5.041,11.951,13.401,9.836,80492.332,20143.18,18275.504,14257.858,11465.147,8785.217,7565.427,40477.988,10349.648,9460.894,7277.813,5779.608,4307.214,3302.812,40014.344,9793.532,8814.61,6980.045,5685.539,4478.003,4262.615,51161.534,6332.652,14655.258,11716.097,9488.508,6170.14,2798.878,30342.298,3984.026,8860.912,6966.374,5453.586,3513.344,1564.056,20819.236,2348.626,5794.347,4749.723,4034.922,2656.797,1234.822,48619.468,5439.027,13719.931,11383.531,9282.44,6026.854,2767.686,28849.638,3453.53,8321.503,6773.634,5333.533,3425.674,1541.764,19769.83,1985.497,5398.428,4609.897,3948.907,2601.18,1225.922,2542.066,893.625,935.328,332.566,206.069,143.286,31.192,1492.66,530.496,539.409,192.74,120.054,87.669,22.293,1049.406,363.13,395.919,139.826,86.015,55.617,8.9,29330.798,13810.527,3620.246,2541.761,1976.639,2615.076,4766.549,10135.69,6365.622,599.982,311.439,326.021,793.87,1738.756,19195.108,7444.905,3020.264,2230.322,1650.618,1821.206,3027.793,5810.505,599.973,1645.157,1454.625,1175.441,721.904,213.405,3866.039,421.196,1159.673,967.433,721.586,465.424,130.727,1944.466,178.778,485.485,487.191,453.855,256.48,82.678,3255.442,353.143,806.12,782.159,677.725,481.279,155.016,2130.726,250.156,562.131,518.863,404.381,301.208,93.987,1124.716,102.987,243.989,263.296,273.343,180.072,61.029
2025,11,49264.782,31253.763,2145.292,24329.479,4635.475,143.517,13683.636,798.276,3529.108,40.401,80479.03,40349.222,40129.808,51517.116,29972.801,21544.315,49264.782,28670.749,20594.034,2252.333,1302.052,950.281,5110.245,3317.241,1793.004,64.013,74.283,53.687,95.628,95.656,95.589,4.372,4.344,4.411,10.373,11.57,8.706,80479.03,20128.724,18319.045,14225.451,11411.495,8797.391,7596.924,40349.222,10345.549,9427.91,7227.085,5706.148,4320.86,3321.669,40129.808,9783.174,8891.135,6998.366,5705.347,4476.531,4275.255,51517.116,6362.071,14894.652,11832.045,9400.81,6301.283,2726.254,29972.801,3926.89,8734.317,6890.351,5331.927,3635.154,1454.163,21544.315,2435.181,6160.335,4941.694,4068.883,2666.13,1272.091,49264.782,5617.968,14043.283,11538.96,9212.965,6165.485,2686.12,28670.749,3524.589,8225.725,6741.712,5216.907,3528.221,1433.594,20594.034,2093.379,5817.558,4797.248,3996.058,2637.264,1252.527,2252.333,744.103,851.369,293.085,187.845,135.798,40.134,1302.052,402.301,508.592,148.639,115.019,106.932,20.569,950.281,341.802,342.778,144.446,72.825,28.866,19.564,28961.914,13766.652,3424.393,2393.407,2010.685,2496.108,4870.669,10376.421,6418.659,693.593,336.735,374.221,685.706,1867.506,18585.494,7347.993,2730.8,2056.672,1636.464,1810.401,3003.163,5110.245,528.033,1481.034,1231.279,1001.32,679.813,188.766,3317.241,352.191,986.777,770.255,642.211,456.489,109.318,1793.004,175.842,494.257,461.024,359.109,223.324,79.448,3489.457,373.266,883.035,826.121,702.149,530.513,174.372,2215.761,249.399,574.872,497.38,443.193,350.548,100.37,1273.696,123.868,308.163,328.74,258.956,179.966,74.003
2025,12,49427.024,31709.025,2133.854,24644.349,4824.198,106.624,13559.489,762.07,3396.44,41.246,80248.158,40329.143,39919.015,51686.544,30330.685,21355.859,49427.02,29215.0,20212.02,2259.52,1115.682,1143.838,3931.502,2636.109,1295.393,64.408,75.208,53.498,95.628,96.322,94.644,4.372,3.678,5.356,7.954,9.023,6.409,80248.158,20109.796,18160.341,14158.966,11423.958,8781.146,7613.951,40329.143,10317.137,9388.308,7244.476,5739.406,4307.298,3332.518,39919.015,9792.659,8772.032,6914.491,5684.552,4473.848,4281.433,51686.544,6259.591,14647.328,11836.22,9718.669,6377.031,2847.705,30330.685,3851.438,8841.544,7014.17,5487.591,3575.292,1560.65,21355.859,2408.153,5805.784,4822.05,4231.077,2801.74,1287.054,49427.024,5492.807,13869.569,11507.209,9534.224,6232.15,2791.064,29215.003,3487.478,8451.201,6872.657,5387.997,3488.279,1527.392,20212.021,2005.329,5418.368,4634.552,4146.227,2743.872,1263.672,2259.52,766.784,777.759,329.011,184.444,144.881,56.64,1115.682,363.96,390.343,141.513,99.594,87.013,33.258,1143.838,402.824,387.416,187.498,84.85,57.868,23.382,28561.615,13850.205,3513.012,2322.746,1705.29,2404.115,4766.246,9998.458,6465.699,546.764,230.305,251.815,732.007,1771.868,18563.157,7384.506,2966.248,2092.441,1453.475,1672.108,2994.379,3931.502,447.724,1089.84,956.717,850.199,466.013,121.009,2636.109,332.633,764.271,606.416,547.06,310.597,75.132,1295.393,115.091,325.569,350.301,303.139,155.416,45.876,2422.964,284.557,638.886,555.971,540.974,308.378,94.198,1569.756,202.926,460.722,323.781,325.265,200.014,57.048,853.207,81.63,178.164,232.19,215.709,108.364,37.151
2026,1,47937.598,32963.264,2193.968,25890.593,4726.237,152.466,11834.987,1132.587,2006.76,42.02,81683.549,41115.833,40567.715,50892.604,30320.964,20571.639,47937.598,28570.728,19366.87,2955.006,1750.237,1204.769,6349.278,4240.546,2108.733,62.305,73.745,50.709,94.194,94.228,94.144,5.806,5.772,5.856,13.245,14.842,10.888,81683.549,21501.66,18450.279,14496.695,11423.35,8485.042,7326.522,41115.833,11048.747,9447.834,7501.931,5807.313,4169.551,3140.458,40567.715,10452.913,9002.446,6994.764,5616.037,4315.491,4186.064,50892.604,6591.446,14672.744,11890.713,9330.357,5859.51,2547.834,30320.964,4180.626,8774.348,7148.56,5435.689,3382.397,1399.344,20571.639,2410.82,5898.396,4742.153,3894.668,2477.113,1148.489,47937.598,5448.994,13653.088,11536.832,9100.558,5693.416,2504.71,28570.728,3509.174,8178.829,6941.88,5296.577,3272.972,1371.296,19366.87,1939.819,5474.258,4594.952,3803.982,2420.444,1133.414,2955.006,1142.452,1019.656,353.881,229.799,166.093,43.124,1750.237,671.452,595.519,206.68,139.112,109.425,28.049,1204.769,471.0,424.137,147.201,90.686,56.668,15.075,30790.945,14910.214,3777.535,2605.982,2092.993,2625.532,4778.689,10794.869,6868.121,673.486,353.371,371.624,787.154,1741.114,19996.076,8042.093,3104.05,2252.611,1721.369,1838.378,3037.575,6349.278,650.282,1661.16,1709.745,1322.187,766.775,239.129,4240.546,478.353,1141.077,1152.095,843.595,482.569,142.858,2108.733,171.929,520.084,557.651,478.593,284.206,96.271,3275.097,362.691,736.269,816.554,723.02,473.373,163.189,2114.82,275.127,491.67,518.369,437.94,294.328,97.387,1160.277,87.565,244.599,298.185,285.08,179.045,65.802
2026,2,49425.915,31538.007,2230.776,24749.245,4420.077,137.91,13555.513,974.392,3358.003,40.911,81621.752,41160.024,40461.728,52086.577,30490.262,21596.316,49425.915,28880.403,20545.512,2660.662,1609.859,1050.803,5839.212,3879.78,1959.433,63.815,74.077,53.375,94.892,94.72,95.134,5.108,5.28,4.866,11.814,13.434,9.537,81621.752,21527.888,18423.389,14411.849,11422.978,8479.706,7355.942,41160.024,11051.174,9419.721,7503.345,5862.101,4168.708,3154.975,40461.728,10476.714,9003.668,6908.504,5560.877,4310.998,4200.967,52086.577,6782.461,15038.501,11898.968,9670.747,6103.18,2592.72,30490.262,4153.488,8797.942,7128.569,5550.218,3494.452,1365.592,21596.316,2628.973,6240.56,4770.398,4120.529,2608.728,1227.128,49425.915,5763.889,14103.774,11601.311,9498.432,5918.105,2540.403,28880.403,3536.248,8219.807,6956.433,5446.813,3379.266,1341.836,20545.512,2227.641,5883.966,4644.879,4051.619,2538.839,1198.568,2660.662,1018.572,934.728,297.656,172.315,185.075,52.317,1609.859,617.24,578.134,172.137,103.405,115.186,23.757,1050.803,401.331,356.593,125.519,68.91,69.889,28.56,29535.175,14745.427,3384.888,2512.882,1752.23,2376.526,4763.222,10669.763,6897.686,621.78,374.776,311.883,674.256,1789.382,18865.412,7847.741,2763.108,2138.106,1440.348,1702.27,2973.839,5839.212,653.825,1673.614,1369.417,1252.298,710.612,179.446,3879.78,466.746,1105.733,918.537,807.399,462.639,118.726,1959.433,187.079,567.881,450.88,444.9,247.973,60.72,3364.494,369.596,839.371,753.567,765.957,496.104,139.901,2181.541,274.842,522.57,492.896,470.132,324.965,96.137,1182.953,94.754,316.801,260.67,295.825,171.139,43.764
2026,3,49068.998,31254.506,1980.833,24686.859,4422.627,164.187,13664.654,796.159,3353.68,40.68,81558.956,41125.284,40433.672,51645.784,30307.262,21338.522,49068.998,28856.351,20212.648,2576.786,1450.911,1125.874,6031.139,4091.231,1939.908,63.323,73.695,52.774,95.011,95.213,94.724,4.989,4.787,5.276,12.291,14.178,9.597,81558.956,21515.45,18438.084,14356.052,11414.506,8461.154,7373.711,41125.284,11058.997,9475.843,7442.137,5833.78,4151.793,3162.734,40433.672,10456.452,8962.241,6913.915,5580.726,4309.361,4210.977,51645.784,6582.623,14863.29,12033.947,9557.235,5921.212,2687.477,30307.262,4023.581,8709.973,7156.425,5566.407,3406.188,1444.688,21338.522,2559.042,6153.317,4877.522,3990.828,2515.024,1242.789,49068.998,5755.073,13861.582,11710.876,9293.406,5784.625,2663.436,28856.351,3586.129,8151.214,6963.569,5403.775,3316.072,1435.594,20212.648,2168.945,5710.368,4747.307,3889.631,2468.553,1227.843,2576.786,827.549,1001.708,323.071,263.829,136.587,24.041,1450.911,437.452,558.759,192.856,162.632,90.117,9.095,1125.874,390.097,442.949,130.215,101.197,46.471,14.947,29913.172,14932.827,3574.795,2322.105,1857.271,2539.941,4686.233,10818.022,7035.417,765.87,285.712,267.373,745.605,1718.046,19095.15,7897.41,2808.924,2036.393,1589.898,1794.337,2968.188,6031.139,752.736,1538.719,1576.49,1270.708,674.32,218.167,4091.231,506.679,1128.85,1045.705,814.48,460.977,134.54,1939.908,246.058,409.868,530.785,456.228,213.343,83.627,3589.991,508.048,804.893,903.115,718.93,478.307,176.698,2336.129,307.08,588.635,576.904,448.708,307.613,107.188,1253.863,200.967,216.258,326.211,270.221,170.695,69.51
2026,4,48889.464,31501.327,1978.014,24790.256,4601.909,131.148,13568.862,980.821,2838.454,40.227,81849.067,41209.718,40639.349,51303.613,30450.391,20853.222,48889.464,29032.612,19856.852,2414.149,1417.779,996.37,7410.335,4894.374,2515.961,62.681,73.891,51.313,95.294,95.344,95.222,4.706,4.656,4.778,15.157,16.858,12.67,81849.067,21529.788,18397.844,14565.34,11424.093,8531.827,7400.175,41209.718,11060.106,9434.696,7541.893,5810.516,4184.086,3178.419,40639.349,10469.682,8963.148,7023.447,5613.576,4347.74,4221.756,51303.613,6848.497,14476.358,12071.131,9369.643,5882.698,2655.286,30450.391,4322.077,8692.697,7213.978,5433.411,3361.597,1426.631,20853.222,2526.419,5783.661,4857.153,3936.233,2521.101,1228.655,48889.464,5987.012,13552.891,11757.149,9184.576,5770.955,2636.881,29032.612,3805.979,8162.275,7051.279,5310.95,3288.085,1414.044,19856.852,2181.033,5390.616,4705.87,3873.626,2482.869,1222.837,2414.149,861.484,923.467,313.982,185.067,111.744,18.405,1417.779,516.098,530.422,162.699,122.46,73.512,12.587,996.37,345.386,393.045,151.283,62.607,38.232,5.818,30545.454,14681.292,3921.486,2494.209,2054.449,2649.128,4744.889,10759.326,6738.029,741.999,327.916,377.106,822.489,1751.788,19786.127,7943.263,3179.487,2166.294,1677.343,1826.639,2993.101,7410.335,876.045,1949.485,1939.671,1481.234,892.552,271.346,4894.374,620.486,1290.599,1302.41,943.044,573.98,163.855,2515.961,255.56,658.886,637.261,538.191,318.572,107.491,4211.951,554.04,975.79,1025.302,850.855,596.559,209.406,2720.853,408.157,622.638,647.418,538.261,379.533,124.845,1491.098,145.883,353.152,377.884,312.593,217.025,84.561
2026,5,49627.233,31888.064,1902.176,25332.275,4537.958,115.656,13498.36,878.229,3362.579,41.052,81686.178,41016.991,40669.187,52125.538,30604.542,21520.995,49627.233,29158.248,20468.985,2498.305,1446.295,1052.01,6038.477,3958.186,2080.291,63.812,74.614,52.917,95.207,95.274,95.112,4.793,4.726,4.888,12.168,13.575,10.163,81686.178,21566.017,18333.199,14391.402,11435.238,8534.693,7425.63,41016.991,11082.184,9379.019,7372.569,5813.163,4185.301,3184.754,40669.187,10483.832,8954.18,7018.834,5622.075,4349.392,4240.875,52125.538,6962.827,14634.088,11953.519,9608.267,6307.428,2659.409,30604.542,4360.095,8719.666,7109.1,5541.033,3466.823,1407.825,21520.995,2602.732,5914.422,4844.419,4067.234,2840.605,1251.585,49627.233,6096.897,13684.289,11611.458,9426.045,6171.128,2637.416,29158.248,3871.216,8186.978,6915.452,5412.71,3377.9,1393.991,20468.985,2225.68,5497.311,4696.006,4013.335,2793.228,1243.425,2498.305,865.93,949.799,342.061,182.222,136.3,21.993,1446.295,488.879,532.688,193.648,128.323,88.923,13.834,1052.01,377.051,417.111,148.413,53.899,47.377,8.16,29560.641,14603.19,3699.111,2437.883,1826.971,2227.265,4766.22,10412.449,6722.089,659.353,263.468,272.13,718.478,1776.93,19148.192,7881.1,3039.758,2174.415,1554.841,1508.787,2989.29,6038.477,787.445,1578.378,1454.264,1339.054,629.707,249.629,3958.186,553.378,1012.397,937.703,851.609,439.858,163.241,2080.291,234.067,565.981,516.561,487.445,189.849,86.388,3245.011,388.7,722.057,773.331,715.295,439.664,205.965,2126.128,279.854,459.89,512.841,411.245,320.712,141.586,1118.883,108.846,262.167,260.49,304.05,118.952,64.379
